split,equation_name,feature_names,raw_expression,symbolic_expression,param_names,gt_params,numerical_expression,train_nmse,test_nmse,ood_nmse
bio_pop_growth,BPG0,t;P,0.9539969835279999*(1 - P(t)/96.90688297671034)*P(t) + 0.9539969835279999*P(t)**0.333333333333333,c0*(c1 - P/c2)*P + c3*P**c4,c0;c1;c2;c3;c4,9.539969835279999e-01;1.000000000000000e+00;9.690688297671034e+01;9.539969835279999e-01;3.333333333333330e-01,0.9539969835279999*(1 - P/96.90688297671034)*P + 0.9539969835279999*P**0.333333333333333,1.5391588713690418e-13,1.3204272065426601e-13,1.5151500982786162e-09
bio_pop_growth,BPG1,t;P,0.3156057016002752*P(t)*exp(-0.05405074842498068*t) + 0.3156057016002752*P(t)**2/(9.870854086995406*P(t) + 1),c0*P*exp(-c1*t) + c2*P**c3/(c4*P + c5),c0;c1;c2;c3;c4;c5,3.156057016002752e-01;5.405074842498068e-02;3.156057016002752e-01;2.000000000000000e+00;9.870854086995406e+00;1.000000000000000e+00,0.3156057016002752*P*exp(-0.05405074842498068*t) + 0.3156057016002752*P**2/(9.870854086995406*P + 1),5.180240007555216e-15,5.336892544360383e-15,6.461971208749353e-13
bio_pop_growth,BPG2,t;P,0.2569297861044923*P(t)*sin(0.7218439642922193*t) + 0.11492904603507054*P(t)*exp(-0.030384619767814418*t),c0*P*sin(c1*t) + c2*P*exp(-c3*t),c0;c1;c2;c3,2.569297861044923e-01;7.218439642922193e-01;1.149290460350705e-01;3.038461976781442e-02,0.2569297861044923*P*sin(0.7218439642922193*t) + 0.11492904603507054*P*exp(-0.030384619767814418*t),6.203506500778975e-13,5.072286740259379e-13,6.687483297305169e-13
bio_pop_growth,BPG3,t;P,0.8450821034088298*(-1 + P(t)/5.115386454523557)*(1 - P(t)/34.43886242377677)*P(t) + 0.8450821034088298*(1 - exp(-0.09687266473516928*P(t)))*P(t),c0*(-c1 + P/c2)*(c3 - P/c4)*P + c5*(c6 - exp(-c7*P))*P,c0;c1;c2;c3;c4;c5;c6;c7,8.450821034088298e-01;1.000000000000000e+00;5.115386454523557e+00;1.000000000000000e+00;3.443886242377677e+01;8.450821034088298e-01;1.000000000000000e+00;9.687266473516928e-02,0.8450821034088298*(-1 + P/5.115386454523557)*(1 - P/34.43886242377677)*P + 0.8450821034088298*(1 - exp(-0.09687266473516928*P))*P,3.1414788838406602e-12,4.41732045809554e-12,0.2804609745864857
bio_pop_growth,BPG4,t;P,0.1727856699554779*(1 - P(t)/48.5483027446097)*P(t) + 0.1727856699554779*P(t)/(1 + exp(-1.5237423595759925*(-0.9236923548638324 + P(t)))),c0*(c1 - P/c2)*P + c3*P/(c4 + exp(-c5*(-c6 + P))),c0;c1;c2;c3;c4;c5;c6,1.727856699554779e-01;1.000000000000000e+00;4.854830274460970e+01;1.727856699554779e-01;1.000000000000000e+00;1.523742359575992e+00;9.236923548638324e-01,0.1727856699554779*(1 - P/48.5483027446097)*P + 0.1727856699554779*P/(1 + exp(-1.5237423595759925*(-0.9236923548638324 + P))),5.20395783595626e-14,5.3603671583757715e-14,5.622889602782373e-07
bio_pop_growth,BPG5,t;P,0.9198344660444582*(1 - P(t)/84.0283518630852)*P(t) + 0.9198344660444582*P(t)**2/(7.531475575495239*P(t) + 1),c0*(c1 - P/c2)*P + c3*P**c4/(c5*P + c6),c0;c1;c2;c3;c4;c5;c6,9.198344660444582e-01;1.000000000000000e+00;8.402835186308521e+01;9.198344660444582e-01;2.000000000000000e+00;7.531475575495239e+00;1.000000000000000e+00,0.9198344660444582*(1 - P/84.0283518630852)*P + 0.9198344660444582*P**2/(7.531475575495239*P + 1),1.820677816101223e-13,1.533622282043211e-13,3.065541866753284e-09
bio_pop_growth,BPG6,t;P,-6.216849410245645*1.4127513976416965*P(t) + 0.8578822735168387*(1 - P(t)/79.20259671838578)*P(t) + 0.8578822735168387*P(t)**0.333333333333333 + 0.8578822735168387*P(t),-c0*c1*P + c2*(c3 - P/c4)*P + c5*P**c6 + c7*P,c0;c1;c2;c3;c4;c5;c6;c7,6.216849410245645e+00;1.412751397641697e+00;8.578822735168387e-01;1.000000000000000e+00;7.920259671838578e+01;8.578822735168387e-01;3.333333333333330e-01;8.578822735168387e-01,-6.216849410245645*1.4127513976416965*P + 0.8578822735168387*(1 - P/79.20259671838578)*P + 0.8578822735168387*P**0.333333333333333 + 0.8578822735168387*P,1.261284136660272e-15,6.202676047037879e-15,4.496247113132725e-09
bio_pop_growth,BPG7,t;P,0.7213553457664288*(-1 + P(t)/6.6511035054181695)*(1 - P(t)/13.538092585698905)*P(t) + 0.7213553457664288*(1 - P(t)/13.538092585698905)*P(t) + 0.7213553457664288*P(t)**0.333333333333333,c0*(-c1 + P/c2)*(c3 - P/c4)*P + c5*(c6 - P/c7)*P + c8*P**c9,c0;c1;c2;c3;c4;c5;c6;c7;c8;c9,7.213553457664288e-01;1.000000000000000e+00;6.651103505418170e+00;1.000000000000000e+00;1.353809258569891e+01;7.213553457664288e-01;1.000000000000000e+00;1.353809258569891e+01;7.213553457664288e-01;3.333333333333330e-01,0.7213553457664288*(-1 + P/6.6511035054181695)*(1 - P/13.538092585698905)*P + 0.7213553457664288*(1 - P/13.538092585698905)*P + 0.7213553457664288*P**0.333333333333333,3.7773211003879715e-13,2.620785794427502e-13,5.387796517786705e-09
bio_pop_growth,BPG8,t;P,0.9909642091509507*(1 - P(t)/39.01184604772507)*P(t) + 0.9909642091509507*P(t)**0.333333333333333 + 0.9909642091509507*P(t),c0*(c1 - P/c2)*P + c3*P**c4 + c5*P,c0;c1;c2;c3;c4;c5,9.909642091509507e-01;1.000000000000000e+00;3.901184604772507e+01;9.909642091509507e-01;3.333333333333330e-01;9.909642091509507e-01,0.9909642091509507*(1 - P/39.01184604772507)*P + 0.9909642091509507*P**0.333333333333333 + 0.9909642091509507*P,4.839045778606952e-13,5.416620182956569e-13,6.784544491431484e-09
bio_pop_growth,BPG9,t;P,0.1699888096710614*(-1 + P(t)/1.0472843670254641)*(1 - P(t)/10.210545156320043)*P(t) + 0.1699888096710614*(1 - P(t)/10.210545156320043)*P(t) + 0.1699888096710614*(1 - exp(-0.09709294493863778*P(t)))*P(t),c0*(-c1 + P/c2)*(c3 - P/c4)*P + c5*(c6 - P/c7)*P + c8*(c9 - exp(-c10*P))*P,c0;c1;c2;c3;c4;c5;c6;c7;c8;c9;c10,1.699888096710614e-01;1.000000000000000e+00;1.047284367025464e+00;1.000000000000000e+00;1.021054515632004e+01;1.699888096710614e-01;1.000000000000000e+00;1.021054515632004e+01;1.699888096710614e-01;1.000000000000000e+00;9.709294493863778e-02,0.1699888096710614*(-1 + P/1.0472843670254641)*(1 - P/10.210545156320043)*P + 0.1699888096710614*(1 - P/10.210545156320043)*P + 0.1699888096710614*(1 - exp(-0.09709294493863778*P))*P,7.932459292955965e-13,6.141205214337236e-13,3.3481460746627356e-09
bio_pop_growth,BPG10,t;P,0.10100810033209855*P(t)**0.333333333333333 + 0.10100810033209855*P(t),c0*P**c1 + c2*P,c0;c1;c2,1.010081003320985e-01;3.333333333333330e-01;1.010081003320985e-01,0.10100810033209855*P**0.333333333333333 + 0.10100810033209855*P,1.814116767343571e-15,2.1225645685365675e-15,3.998237658162563e-14
bio_pop_growth,BPG11,t;P,0.7124493718672418*(1 - P(t)/68.90600928530216)*P(t) + 0.7124493718672418*P(t)**0.333333333333333 + 0.7124493718672418*P(t)*exp(-0.03459335742983884*t),c0*(c1 - P/c2)*P + c3*P**c4 + c5*P*exp(-c6*t),c0;c1;c2;c3;c4;c5;c6,7.124493718672418e-01;1.000000000000000e+00;6.890600928530216e+01;7.124493718672418e-01;3.333333333333330e-01;7.124493718672418e-01;3.459335742983884e-02,0.7124493718672418*(1 - P/68.90600928530216)*P + 0.7124493718672418*P**0.333333333333333 + 0.7124493718672418*P*exp(-0.03459335742983884*t),7.768797501930469e-14,8.34788412184264e-14,7.62143051271201e-09
bio_pop_growth,BPG12,t;P,0.8770002846146427*P(t)*sin(0.5671736066225963*t) + 0.7013915186995147*(1 - P(t)/65.7541311408653)*P(t),c0*P*sin(c1*t) + c2*(c3 - P/c4)*P,c0;c1;c2;c3;c4,8.770002846146427e-01;5.671736066225963e-01;7.013915186995147e-01;1.000000000000000e+00;6.575413114086530e+01,0.8770002846146427*P*sin(0.5671736066225963*t) + 0.7013915186995147*(1 - P/65.7541311408653)*P,6.885241329646569e-13,6.726355917657556e-13,1.5029069074391322e-12
bio_pop_growth,BPG13,t;P,0.20107390997009728*(-1 + P(t)/5.636576533003584)*(1 - P(t)/10.232561336048414)*P(t) + 0.20107390997009728*P(t) + 0.20107390997009728*P(t)/(1 + exp(-5.636576533003584*(-0.6341847122108325 + P(t)))),c0*(-c1 + P/c2)*(c3 - P/c4)*P + c5*P + c6*P/(c7 + exp(-c8*(-c9 + P))),c0;c1;c2;c3;c4;c5;c6;c7;c8;c9,2.010739099700973e-01;1.000000000000000e+00;5.636576533003584e+00;1.000000000000000e+00;1.023256133604841e+01;2.010739099700973e-01;2.010739099700973e-01;1.000000000000000e+00;5.636576533003584e+00;6.341847122108325e-01,0.20107390997009728*(-1 + P/5.636576533003584)*(1 - P/10.232561336048414)*P + 0.20107390997009728*P + 0.20107390997009728*P/(1 + exp(-5.636576533003584*(-0.6341847122108325 + P))),6.576437218526696e-13,6.506767712531201e-13,1.5958256031664635e-08
bio_pop_growth,BPG14,t;P,0.11423898258902421*(1 - P(t)/40.69810220267985)*P(t) + 0.11423898258902421*(1 - exp(-0.08368363514073095*P(t)))*P(t) + 0.11423898258902421*P(t)*exp(-0.08368363514073095*t),c0*(c1 - P/c2)*P + c3*(c4 - exp(-c5*P))*P + c6*P*exp(-c7*t),c0;c1;c2;c3;c4;c5;c6;c7,1.142389825890242e-01;1.000000000000000e+00;4.069810220267985e+01;1.142389825890242e-01;1.000000000000000e+00;8.368363514073095e-02;1.142389825890242e-01;8.368363514073095e-02,0.11423898258902421*(1 - P/40.69810220267985)*P + 0.11423898258902421*(1 - exp(-0.08368363514073095*P))*P + 0.11423898258902421*P*exp(-0.08368363514073095*t),4.071751817219243e-14,3.628034347837625e-14,1.543018455125478e-08
bio_pop_growth,BPG15,t;P,0.4866911314650416*P(t)**0.333333333333333 + 0.4866911314650416*P(t)*exp(-0.08577402101126279*t),c0*P**c1 + c2*P*exp(-c3*t),c0;c1;c2;c3,4.866911314650416e-01;3.333333333333330e-01;4.866911314650416e-01;8.577402101126279e-02,0.4866911314650416*P**0.333333333333333 + 0.4866911314650416*P*exp(-0.08577402101126279*t),2.1300109867428988e-14,2.0950442703381302e-14,9.134501438777122e-13
bio_pop_growth,BPG16,t;P,0.8677806610632854*(-1 + P(t)/6.057935627201261)*(1 - P(t)/14.185052779605893)*P(t) + 0.8677806610632854*P(t)**0.333333333333333 + 0.8677806610632854*P(t),c0*(-c1 + P/c2)*(c3 - P/c4)*P + c5*P**c6 + c7*P,c0;c1;c2;c3;c4;c5;c6;c7,8.677806610632854e-01;1.000000000000000e+00;6.057935627201261e+00;1.000000000000000e+00;1.418505277960589e+01;8.677806610632854e-01;3.333333333333330e-01;8.677806610632854e-01,0.8677806610632854*(-1 + P/6.057935627201261)*(1 - P/14.185052779605893)*P + 0.8677806610632854*P**0.333333333333333 + 0.8677806610632854*P,1.773235370161131e-12,2.8448239894746545e-12,4.7048573732682215e-09
bio_pop_growth,BPG17,t;P,0.768873878858443*(-1 + P(t)/8.670374869520632)*(1 - P(t)/14.33285523805181)*P(t) + 0.768873878858443*P(t)**0.333333333333333,c0*(-c1 + P/c2)*(c3 - P/c4)*P + c5*P**c6,c0;c1;c2;c3;c4;c5;c6,7.688738788584430e-01;1.000000000000000e+00;8.670374869520632e+00;1.000000000000000e+00;1.433285523805181e+01;7.688738788584430e-01;3.333333333333330e-01,0.768873878858443*(-1 + P/8.670374869520632)*(1 - P/14.33285523805181)*P + 0.768873878858443*P**0.333333333333333,5.861963272259267e-14,5.843673874503198e-14,8.964468849567394e-07
bio_pop_growth,BPG18,t;P,0.4770530111687279*P(t)*sin(0.7760602430275763*t) + 0.44545499474048156*(1 - P(t)/51.06128580599878)*P(t) + 0.44545499474048156*P(t),c0*P*sin(c1*t) + c2*(c3 - P/c4)*P + c5*P,c0;c1;c2;c3;c4;c5,4.770530111687279e-01;7.760602430275763e-01;4.454549947404816e-01;1.000000000000000e+00;5.106128580599878e+01;4.454549947404816e-01,0.4770530111687279*P*sin(0.7760602430275763*t) + 0.44545499474048156*(1 - P/51.06128580599878)*P + 0.44545499474048156*P,1.0209951399247978e-12,1.1484591464413903e-12,1.7428774610773145e-12
bio_pop_growth,BPG19,t;P,0.42056708240583474*(1 - P(t)/84.4133476416777)*P(t) + 0.42056708240583474*P(t)/t**2.5945383274467897,c0*(c1 - P/c2)*P + c3*P/t**c4,c0;c1;c2;c3;c4,4.205670824058347e-01;1.000000000000000e+00;8.441334764167770e+01;4.205670824058347e-01;2.594538327446790e+00,0.42056708240583474*(1 - P/84.4133476416777)*P + 0.42056708240583474*P/t**2.5945383274467897,8.958873972299221e-14,9.644067549231507e-14,1.1560866205780519e-08
bio_pop_growth,BPG20,t;P,0.13870625668024555*(-1 + P(t)/8.038138014396704)*(1 - P(t)/70.01799944958296)*P(t) + 0.13870625668024555*(1 - P(t)/70.01799944958296)*P(t) + 0.13870625668024555*P(t)/(1 + exp(-8.038138014396704*(-0.5894251550796137 + P(t)))),c0*(-c1 + P/c2)*(c3 - P/c4)*P + c5*(c6 - P/c7)*P + c8*P/(c9 + exp(-c10*(-c11 + P))),c0;c1;c2;c3;c4;c5;c6;c7;c8;c9;c10;c11,1.387062566802456e-01;1.000000000000000e+00;8.038138014396704e+00;1.000000000000000e+00;7.001799944958296e+01;1.387062566802456e-01;1.000000000000000e+00;7.001799944958296e+01;1.387062566802456e-01;1.000000000000000e+00;8.038138014396704e+00;5.894251550796137e-01,0.13870625668024555*(-1 + P/8.038138014396704)*(1 - P/70.01799944958296)*P + 0.13870625668024555*(1 - P/70.01799944958296)*P + 0.13870625668024555*P/(1 + exp(-8.038138014396704*(-0.5894251550796137 + P))),5.730604749954593e-13,6.296635326858473e-13,3.4417998182147907e-09
bio_pop_growth,BPG21,t;P,0.1404201690960543*(-1 + P(t)/4.5321236760653205)*(1 - P(t)/78.49071311458529)*P(t) + 0.1404201690960543*P(t)/t**4.5321236760653205,c0*(-c1 + P/c2)*(c3 - P/c4)*P + c5*P/t**c6,c0;c1;c2;c3;c4;c5;c6,1.404201690960543e-01;1.000000000000000e+00;4.532123676065321e+00;1.000000000000000e+00;7.849071311458529e+01;1.404201690960543e-01;4.532123676065321e+00,0.1404201690960543*(-1 + P/4.5321236760653205)*(1 - P/78.49071311458529)*P + 0.1404201690960543*P/t**4.5321236760653205,2.6660771447647868e-15,2.825703697734923e-15,2.196856037360955e-14
bio_pop_growth,BPG22,t;P,0.11781609251252895*(1 - exp(-0.027228491244958825*P(t)))*P(t) + 0.11781609251252895*P(t)*exp(-0.027228491244958825*t),c0*(c1 - exp(-c2*P))*P + c3*P*exp(-c4*t),c0;c1;c2;c3;c4,1.178160925125289e-01;1.000000000000000e+00;2.722849124495882e-02;1.178160925125289e-01;2.722849124495882e-02,0.11781609251252895*(1 - exp(-0.027228491244958825*P))*P + 0.11781609251252895*P*exp(-0.027228491244958825*t),1.8860853292710834e-15,1.8303064009834727e-15,2.4490669458091292e-14
bio_pop_growth,BPG23,t;P,0.5980421690791728*(1 - P(t)/32.93940240233941)*P(t) + 0.5980421690791728*(1 - exp(-0.07682777495563793*P(t)))*P(t),c0*(c1 - P/c2)*P + c3*(c4 - exp(-c5*P))*P,c0;c1;c2;c3;c4;c5,5.980421690791728e-01;1.000000000000000e+00;3.293940240233941e+01;5.980421690791728e-01;1.000000000000000e+00;7.682777495563793e-02,0.5980421690791728*(1 - P/32.93940240233941)*P + 0.5980421690791728*(1 - exp(-0.07682777495563793*P))*P,4.1476671603971186e-13,6.546796201418258e-13,1.1363804300288344e-08
chem_react,CRK0,t;A,-0.18997742423620262*A(t)**2 + 0.18997742423620262_z*A(t)**2/(0.7497988950401423*A(t)**4 + 1),-c0*A**c1 + c2*_z*A**c3/(c4*A**c5 + c6),c0;c1;c2;c3;c4;c5;c6;_z,1.899774242362026e-01;2.000000000000000e+00;1.899774242362026e-01;2.000000000000000e+00;7.497988950401423e-01;4.000000000000000e+00;1.000000000000000e+00;2.420681702737336e+00,-0.18997742423620262*A**2 + 0.45987487478174419*A**2/(0.7497988950401423*A**4 + 1),2.782761818956936e-12,1.993407667794921e-12,1.0216822990507776e-08
chem_react,CRK1,t;A,-0.7725880991236428*A(t)**2 - 0.7725880991236428*A(t) + 0.7725880991236428_w*cos(log(A(t) + 1)),-c0*A**c1 - c2*A + c3*_w*cos(log(A + c4)),c0;c1;c2;c3;c4;_w,7.725880991236428e-01;2.000000000000000e+00;7.725880991236428e-01;7.725880991236428e-01;1.000000000000000e+00;9.580884805497890e-01,-0.7725880991236428*A**2 - 0.7725880991236428*A + 0.7402077579802207*cos(log(A + 1)),2.701124284379217e-13,2.2846721160847357e-13,1.0268596481107936e-08
chem_react,CRK2,t;A,-0.19494483384724354*A(t) + 0.19494483384724354_w*cos(log(A(t) + 1)),-c0*A + c1*_w*cos(log(A + c2)),c0;c1;c2;_w,1.949448338472435e-01;1.949448338472435e-01;1.000000000000000e+00;1.273130777352880e+00,-0.19494483384724354*A + 0.24819026785686927*cos(log(A + 1)),4.464695047431651e-11,4.9963964404403013e-11,1.591359707303792e-08
chem_react,CRK3,t;A,-0.547523655303147*A(t)**2 - 0.547523655303147*A(t)*exp(-0.547523655303147_s*t) + 0.547523655303147_w*cos(log(A(t) + 1)),-c0*A**c1 - c2*A*exp(-c3*_s*t) + c4*_w*cos(log(A + c5)),c0;c1;c2;c3;c4;c5;_s;_w,5.475236553031469e-01;2.000000000000000e+00;5.475236553031469e-01;5.475236553031469e-01;5.475236553031469e-01;1.000000000000000e+00;6.772136273434093e-02;1.287473124298832e+00,-0.547523655303147*A**2 - 0.547523655303147*A*exp(-0.0370790480664167*t) + 0.704921991120659*cos(log(A + 1)),3.503713152139217e-13,3.5271408574230426e-13,2.0730605122200265e-09
chem_react,CRK4,t;A,-0.11492904603507054*A(t)**2 + 0.11492904603507054_q*A(t)*log(0.2569297861044923*t + 1),-c0*A**c1 + c2*_q*A*log(c3*t + c4),c0;c1;c2;c3;c4;_q,1.149290460350705e-01;2.000000000000000e+00;1.149290460350705e-01;2.569297861044923e-01;1.000000000000000e+00;5.922397640265036e-01,-0.11492904603507054*A**2 + 0.068065551103601343*A*log(0.2569297861044923*t + 1),2.8196673159170716e-14,2.131826952401805e-14,1.7853940426320213e-10
chem_react,CRK5,t;A,-0.3254156367450257*sqrt(A(t)) + 0.3254156367450257_f*A(t)**0.333333333333333,-c0*sqrt(A) + c1*_f*A**c2,c0;c1;c2;_f,3.254156367450257e-01;3.254156367450257e-01;3.333333333333330e-01;1.607021923755526e+00,0.5229500625821207*A**0.333333333333333 - 0.3254156367450257*sqrt(A),2.2717460805437305e-14,2.3458247239704558e-14,3.1311644277104284e-12
chem_react,CRK6,t;A,-0.4465879557417327*A(t)*exp(-0.4465879557417327_s*t) + 0.4465879557417327_m*sin(sqrt(A(t))),-c0*A*exp(-c1*_s*t) + c2*_m*sin(sqrt(A)),c0;c1;c2;_m;_s,4.465879557417327e-01;4.465879557417327e-01;4.465879557417327e-01;2.219156277024679e+00;1.939199197113028e-01,-0.4465879557417327*A*exp(-0.08660230052147167*t) + 0.9910484652278855*sin(sqrt(A)),2.326610874832192e-13,2.80770938267829e-13,1.6193992247351996e-10
chem_react,CRK7,t;A,-0.731770189531933*A(t)*exp(-0.731770189531933_s*t) + 0.731770189531933_w*cos(log(A(t) + 1)),-c0*A*exp(-c1*_s*t) + c2*_w*cos(log(A + c3)),c0;c1;c2;c3;_s;_w,7.317701895319330e-01;7.317701895319330e-01;7.317701895319330e-01;1.000000000000000e+00;1.115395810520259e-01;1.148366682601806e+00,-0.731770189531933*A*exp(-0.0816213403667534*t) + 0.840340504979681*cos(log(A + 1)),1.2446534136921263e-12,1.3900474623658433e-12,6.181256687530365e-11
chem_react,CRK8,t;A,-0.6789593965981179*A(t)**2 - 0.6789593965981179*A(t) + 0.6789593965981179_t*sin(log(A(t) + 1)),-c0*A**c1 - c2*A + c3*_t*sin(log(A + c4)),c0;c1;c2;c3;c4;_t,6.789593965981179e-01;2.000000000000000e+00;6.789593965981179e-01;6.789593965981179e-01;1.000000000000000e+00;2.416488906253854e-01,-0.6789593965981179*A**2 - 0.6789593965981179*A + 0.1640697849676163*sin(log(A + 1)),8.708542890168462e-13,6.687996170463695e-13,0.057619295610680334
chem_react,CRK9,t;A,-0.2596955894017505*sqrt(A(t)) + 0.2596955894017505_w*cos(log(A(t) + 1)),-c0*sqrt(A) + c1*_w*cos(log(A + c2)),c0;c1;c2;_w,2.596955894017505e-01;2.596955894017505e-01;1.000000000000000e+00;3.512949976548061e+00,-0.2596955894017505*sqrt(A) + 0.9122976146985144*cos(log(A + 1)),1.3432747331719344e-13,1.3855723036549087e-13,2.7737440453940746e-08
chem_react,CRK10,t;A,-0.17495597007573369*A(t)**2 + 0.17495597007573369_t*sin(log(A(t) + 1)),-c0*A**c1 + c2*_t*sin(log(A + c3)),c0;c1;c2;c3;_t,1.749559700757337e-01;2.000000000000000e+00;1.749559700757337e-01;1.000000000000000e+00;3.379845758334442e+00,-0.17495597007573369*A**2 + 0.59132419335575606*sin(log(A + 1)),1.7279751660505455e-13,2.0582195967423538e-13,2.187419828220285e-08
chem_react,CRK11,t;A,-0.8817392153705143*A(t)**2 + 0.8817392153705143_m*sin(sqrt(A(t))),-c0*A**c1 + c2*_m*sin(sqrt(A)),c0;c1;c2;_m,8.817392153705143e-01;2.000000000000000e+00;8.817392153705143e-01;6.787368029049585e-01,-0.8817392153705143*A**2 + 0.5984688560365095*sin(sqrt(A)),3.329064365527996e-13,4.939864353537124e-13,4.991584476963062e-09
chem_react,CRK12,t;A,-0.4536905040809732*A(t)*exp(-0.4536905040809732_s*t) + 0.4536905040809732_t*sin(log(A(t) + 1)),-c0*A*exp(-c1*_s*t) + c2*_t*sin(log(A + c3)),c0;c1;c2;c3;_s;_t,4.536905040809732e-01;4.536905040809732e-01;4.536905040809732e-01;1.000000000000000e+00;1.865253494767138e-01;1.660843136662247e+00,-0.4536905040809732*A*exp(-0.08462477982796999*t) + 0.7535087598717195*sin(log(A + 1)),1.2810463585779746e-13,1.0297491552277504e-13,3.1749820606889626e-12
chem_react,CRK13,t;A,-0.23236613283613416*A(t) + 0.23236613283613416_p*sin(0.5265654762365851*A(t)),-c0*A + c1*_p*sin(c2*A),c0;c1;c2;_p,2.323661328361342e-01;2.323661328361342e-01;5.265654762365851e-01;1.703675335212177e+00,-0.23236613283613416*A + 0.395876449251558*sin(0.5265654762365851*A),7.27524855855664e-15,7.045590265116392e-15,5.423887127130967e-13
chem_react,CRK14,t;A,-0.1286242133366486*sqrt(A(t)) - 0.1286242133366486*A(t)*exp(-0.1286242133366486_s*t) + 0.1286242133366486_p*sin(0.5829315813885992*A(t)),-c0*sqrt(A) - c1*A*exp(-c2*_s*t) + c3*_p*sin(c4*A),c0;c1;c2;c3;c4;_p;_s,1.286242133366486e-01;1.286242133366486e-01;1.286242133366486e-01;1.286242133366486e-01;5.829315813885992e-01;3.027614145061079e+00;4.616889516932920e-01,-0.1286242133366486*sqrt(A) - 0.1286242133366486*A*exp(-0.05938437821777165*t) + 0.3894244876953911*sin(0.5829315813885992*A),1.8791734193321552e-14,1.9876252919144634e-14,5.1144575417793904e-11
chem_react,CRK15,t;A,-0.12072034430887377*sqrt(A(t)) - 0.12072034430887377*A(t)*exp(-0.12072034430887377_s*t) + 0.12072034430887377_t*sin(log(A(t) + 1)),-c0*sqrt(A) - c1*A*exp(-c2*_s*t) + c3*_t*sin(log(A + c4)),c0;c1;c2;c3;c4;_s;_t,1.207203443088738e-01;1.207203443088738e-01;1.207203443088738e-01;1.207203443088738e-01;1.000000000000000e+00;5.684464319557769e-01;7.072061591230355e+00,-0.12072034430887377*sqrt(A) - 0.12072034430887377*A*exp(-0.068623048986852177*t) + 0.85374171026689017*sin(log(A + 1)),4.5030150026372185e-14,3.884926216458625e-14,2.6303499669646194e-11
chem_react,CRK16,t;A,-0.24581249010242617*A(t) + 0.24581249010242617_f*A(t)**0.333333333333333,-c0*A + c1*_f*A**c2,c0;c1;c2;_f,2.458124901024262e-01;2.458124901024262e-01;3.333333333333330e-01;3.949878418249270e+00,0.9709294495916855*A**0.333333333333333 - 0.24581249010242617*A,1.112385399052884e-14,1.1919261628161326e-14,2.8336909498605887e-07
chem_react,CRK17,t;A,-0.6750544468008356*A(t)*exp(-0.6750544468008356_s*t) + 0.6750544468008356_f*A(t)**0.333333333333333,-c0*A*exp(-c1*_s*t) + c2*_f*A**c3,c0;c1;c2;c3;_f;_s,6.750544468008356e-01;6.750544468008356e-01;6.750544468008356e-01;3.333333333333330e-01;3.088200091034170e-01;1.160102369308713e-01,0.2084703204063362*A**0.333333333333333 - 0.6750544468008356*A*exp(-0.0783132263146032*t),4.100504850702811e-15,4.1761153376086255e-15,5.626032517222051e-13
chem_react,CRK18,t;A,-0.5637231318832533*A(t)**2 + 0.5637231318832533_p*sin(0.7616913890711074*A(t)),-c0*A**c1 + c2*_p*sin(c3*A),c0;c1;c2;c3;_p,5.637231318832533e-01;2.000000000000000e+00;5.637231318832533e-01;7.616913890711074e-01;2.330552655486223e-01,-0.5637231318832533*A**2 + 0.1313786441969526*sin(0.7616913890711074*A),4.2931995499163986e-15,2.880235968669765e-15,2.333576045164885e-09
chem_react,CRK19,t;A,-0.16497856808125827*A(t)**2 - 0.16497856808125827*A(t)*exp(-0.16497856808125827_s*t) + 0.16497856808125827_t*sin(log(A(t) + 1)),-c0*A**c1 - c2*A*exp(-c3*_s*t) + c4*_t*sin(log(A + c5)),c0;c1;c2;c3;c4;c5;_s;_t,1.649785680812583e-01;2.000000000000000e+00;1.649785680812583e-01;1.649785680812583e-01;1.649785680812583e-01;1.000000000000000e+00;7.733565299985035e-02;3.762960693496856e+00,-0.16497856808125827*A**2 - 0.16497856808125827*A*exp(-0.012758725293544376*t) + 0.6208078669591699*sin(log(A + 1)),1.6089020904466138e-12,1.5131261319091588e-12,6.868982084530217e-09
chem_react,CRK20,t;A,-0.3122128845632889*A(t)*exp(-0.3122128845632889_s*t) + 0.3122128845632889_p*sin(0.8721876285304352*A(t)),-c0*A*exp(-c1*_s*t) + c2*_p*sin(c3*A),c0;c1;c2;c3;_p;_s,3.122128845632889e-01;3.122128845632889e-01;3.122128845632889e-01;8.721876285304352e-01;1.510917965781679e+00;2.557230104389985e-01,-0.3122128845632889*A*exp(-0.07984001873836775*t) + 0.4717280564351947*sin(0.8721876285304352*A),3.2529058074594853e-13,3.26179993369724e-13,1.2957666211682987e-08
chem_react,CRK21,t;A,-0.9112380846295999*A(t)*exp(-0.9112380846295999_s*t) + 0.9112380846295999_q*A(t)*log(0.4381050266935539*t + 1),-c0*A*exp(-c1*_s*t) + c2*_q*A*log(c3*t + c4),c0;c1;c2;c3;c4;_q;_s,9.112380846295999e-01;9.112380846295999e-01;9.112380846295999e-01;4.381050266935539e-01;1.000000000000000e+00;9.679254810869582e-02;9.768051501163888e-02,0.08820105614498638*A*log(0.4381050266935539*t + 1) - 0.9112380846295999*A*exp(-0.08901020540483869*t),1.4035795923027616e-15,1.3675488187901764e-15,6.694595297259064e-15
chem_react,CRK22,t;A,-0.2092477763434658*A(t)**2 - 0.2092477763434658*A(t)*exp(-0.2092477763434658_s*t) + 0.2092477763434658_z*A(t)**2/(0.9716398998349454*A(t)**4 + 1),-c0*A**c1 - c2*A*exp(-c3*_s*t) + c4*_z*A**c5/(c6*A**c7 + c8),c0;c1;c2;c3;c4;c5;c6;c7;c8;_s;_z,2.092477763434658e-01;2.000000000000000e+00;2.092477763434658e-01;2.092477763434658e-01;2.092477763434658e-01;2.000000000000000e+00;9.716398998349454e-01;4.000000000000000e+00;1.000000000000000e+00;3.123147448271679e-01;1.028857649642893e+00,-0.2092477763434658*A**2 + 0.21528617536174*A**2/(0.9716398998349454*A**4 + 1) - 0.2092477763434658*A*exp(-0.06535116587436183*t),2.2293635358768352e-15,2.0184642394943304e-15,5.617855923956886e-13
chem_react,CRK23,t;A,-0.10016955960092372*sqrt(A(t)) + 0.10016955960092372_p*sin(0.8555148185506902*A(t)),-c0*sqrt(A) + c1*_p*sin(c2*A),c0;c1;c2;_p,1.001695596009237e-01;1.001695596009237e-01;8.555148185506902e-01;4.706869220086079e+00,-0.10016955960092372*sqrt(A) + 0.47148501687516587*sin(0.8555148185506902*A),8.160340647719892e-14,7.83867018868521e-14,2.871493204428861e-08
chem_react,CRK24,t;A,-0.20132235137074334*sqrt(A(t)) - 0.20132235137074334*A(t)**2 + 0.20132235137074334_f*A(t)**0.333333333333333,-c0*sqrt(A) - c1*A**c2 + c3*_f*A**c4,c0;c1;c2;c3;c4;_f,2.013223513707433e-01;2.013223513707433e-01;2.000000000000000e+00;2.013223513707433e-01;3.333333333333330e-01;3.148678764665664e+00,0.63389941261361888*A**0.333333333333333 - 0.20132235137074334*sqrt(A) - 0.20132235137074334*A**2,3.159465992527743e-13,1.789878044728647e-13,5.688881453489641e-09
chem_react,CRK25,t;A,-0.15727681835797813*A(t) + 0.15727681835797813_t*sin(log(A(t) + 1)),-c0*A + c1*_t*sin(log(A + c2)),c0;c1;c2;_t,1.572768183579781e-01;1.572768183579781e-01;1.000000000000000e+00;3.122751145472426e+00,-0.15727681835797813*A + 0.49113636468363491*sin(log(A + 1)),2.85879883648642e-14,2.786922979196408e-14,4.2386582580045165e-08
chem_react,CRK26,t;A,-0.33235592877205233*A(t)**2 - 0.33235592877205233*A(t)*exp(-0.33235592877205233_s*t) + 0.33235592877205233_m*sin(sqrt(A(t))),-c0*A**c1 - c2*A*exp(-c3*_s*t) + c4*_m*sin(sqrt(A)),c0;c1;c2;c3;c4;_m;_s,3.323559287720523e-01;2.000000000000000e+00;3.323559287720523e-01;3.323559287720523e-01;3.323559287720523e-01;4.107128880905833e-01;2.127680029454948e-01,-0.33235592877205233*A**2 - 0.33235592877205233*A*exp(-0.070714707231924692*t) + 0.13650286337999781*sin(sqrt(A)),3.962169357200518e-15,3.860166750477156e-15,1.1808284124887876e-09
chem_react,CRK27,t;A,-0.3115334933234426*A(t)**2 - 0.3115334933234426*A(t)*exp(-0.3115334933234426_s*t) + 0.3115334933234426_f*A(t)**0.333333333333333,-c0*A**c1 - c2*A*exp(-c3*_s*t) + c4*_f*A**c5,c0;c1;c2;c3;c4;c5;_f;_s,3.115334933234426e-01;2.000000000000000e+00;3.115334933234426e-01;3.115334933234426e-01;3.115334933234426e-01;3.333333333333330e-01;7.485093494129720e-01;2.720797854846546e-01,0.2331857324078805*A**0.333333333333333 - 0.3115334933234426*A**2 - 0.3115334933234426*A*exp(-0.08476196603472734*t),3.1542655713333903e-14,3.7058885957030987e-14,3.5767735895832245e-09
chem_react,CRK28,t;A,-0.3009370469546767*A(t)*exp(-0.3009370469546767_s*t) + 0.3009370469546767_z*A(t)**2/(0.8913296033617462*A(t)**4 + 1),-c0*A*exp(-c1*_s*t) + c2*_z*A**c3/(c4*A**c5 + c6),c0;c1;c2;c3;c4;c5;c6;_s;_z,3.009370469546767e-01;3.009370469546767e-01;3.009370469546767e-01;2.000000000000000e+00;8.913296033617462e-01;4.000000000000000e+00;1.000000000000000e+00;2.251879484995611e-01;2.456068127218637e+00,0.7391218893246799*A**2/(0.8913296033617462*A**4 + 1) - 0.3009370469546767*A*exp(-0.06776739623123975*t),1.7182738365102329e-12,1.7300031049749454e-12,9.279954386699126e-11
chem_react,CRK29,t;A,-0.10132643987768028*A(t) - 0.10132643987768028*A(t)*exp(-0.10132643987768028_s*t) + 0.10132643987768028_z*A(t)**2/(0.8635828411814722*A(t)**4 + 1),-c0*A - c1*A*exp(-c2*_s*t) + c3*_z*A**c4/(c5*A**c6 + c7),c0;c1;c2;c3;c4;c5;c6;c7;_s;_z,1.013264398776803e-01;1.013264398776803e-01;1.013264398776803e-01;1.013264398776803e-01;2.000000000000000e+00;8.635828411814722e-01;4.000000000000000e+00;1.000000000000000e+00;7.465083371973302e-01;8.152108839414039e+00,0.82602416619319257*A**2/(0.8635828411814722*A**4 + 1) - 0.10132643987768028*A - 0.10132643987768028*A*exp(-0.075641032147212359*t),1.7844430378346907e-13,1.5942758157029681e-13,1.1505536244916463e-08
chem_react,CRK30,t;A,-0.25667350778028636*A(t) - 0.25667350778028636*A(t)*exp(-0.25667350778028636_s*t) + 0.25667350778028636_t*sin(log(A(t) + 1)),-c0*A - c1*A*exp(-c2*_s*t) + c3*_t*sin(log(A + c4)),c0;c1;c2;c3;c4;_s;_t,2.566735077802864e-01;2.566735077802864e-01;2.566735077802864e-01;2.566735077802864e-01;1.000000000000000e+00;8.000803809836032e-02;3.672527147144827e+00,-0.25667350778028636*A - 0.25667350778028636*A*exp(-0.020535943789324936*t) + 0.94264042527599053*sin(log(A + 1)),1.0477735168089675e-12,1.0087583943821658e-12,4.686589685011102e-09
chem_react,CRK31,t;A,-0.5980340707747946*sqrt(A(t)) - 0.5980340707747946*A(t) + 0.5980340707747946_w*cos(log(A(t) + 1)),-c0*sqrt(A) - c1*A + c2*_w*cos(log(A + c3)),c0;c1;c2;c3;_w,5.980340707747946e-01;5.980340707747946e-01;5.980340707747946e-01;1.000000000000000e+00;5.127439385664522e-01,-0.5980340707747946*sqrt(A) - 0.5980340707747946*A + 0.3066383448459966*cos(log(A + 1)),6.926366986377929e-15,3.630127664390021e-15,4.176540317393284e-09
chem_react,CRK32,t;A,-0.49947326957917104*A(t) - 0.49947326957917104*A(t)*exp(-0.49947326957917104_s*t) + 0.49947326957917104_f*A(t)**0.333333333333333,-c0*A - c1*A*exp(-c2*_s*t) + c3*_f*A**c4,c0;c1;c2;c3;c4;_f;_s,4.994732695791710e-01;4.994732695791710e-01;4.994732695791710e-01;4.994732695791710e-01;3.333333333333330e-01;1.599908309653727e+00;1.012463905623306e-01,0.79911143444963161*A**0.333333333333333 - 0.49947326957917104*A - 0.49947326957917104*A*exp(-0.050569865727257013*t),3.4228371646988044e-13,3.466325843913299e-13,4.154516766012595e-10
chem_react,CRK33,t;A,-0.11846873325639269*sqrt(A(t)) - 0.11846873325639269*A(t)**2 + 0.11846873325639269_t*sin(log(A(t) + 1)),-c0*sqrt(A) - c1*A**c2 + c3*_t*sin(log(A + c4)),c0;c1;c2;c3;c4;_t,1.184687332563927e-01;1.184687332563927e-01;2.000000000000000e+00;1.184687332563927e-01;1.000000000000000e+00;7.144356039320834e+00,-0.11846873325639269*sqrt(A) - 0.11846873325639269*A**2 + 0.84638280991099803*sin(log(A + 1)),2.430468945233633e-13,1.9101148260788037e-13,2.8891881692747712e-08
chem_react,CRK34,t;A,-0.1689114325901851*A(t)**2 + 0.1689114325901851_f*A(t)**0.333333333333333,-c0*A**c1 + c2*_f*A**c3,c0;c1;c2;c3;_f,1.689114325901851e-01;2.000000000000000e+00;1.689114325901851e-01;3.333333333333330e-01;4.286279665757745e+00,0.7240016388253205*A**0.333333333333333 - 0.1689114325901851*A**2,2.4852969172316837e-13,2.4210496579951177e-13,1.0856782479224567e-08
chem_react,CRK35,t;A,-0.13625696690019862*A(t) + 0.13625696690019862_q*A(t)*log(0.9423435234237035*t + 1),-c0*A + c1*_q*A*log(c2*t + c3),c0;c1;c2;c3;_q,1.362569669001986e-01;1.362569669001986e-01;9.423435234237035e-01;1.000000000000000e+00;4.569166022170135e-01,0.062258070344434831*A*log(0.9423435234237035*t + 1) - 0.13625696690019862*A,2.1253987282264514e-15,2.018430956483369e-15,2.914433090556102e-14
matsci,MatSci0,epsilon;T,31.119982052994235*epsilon*(-0.05295088673159155*(T - 316.1945018642116) + 1) - 0.22554447458683766*(T - 316.1945018642116) + epsilon**0.5975773894779193*3.629301836816963*(T - 316.1945018642116),c0*epsilon*(-c1*(T - c2) + c3) - c4*(T - c5) + epsilon**c6*c7*(T - c8),c0;c1;c2;c3;c4;c5;c6;c7;c8,3.111998205299424e+01;5.295088673159155e-02;3.161945018642116e+02;1.000000000000000e+00;2.255444745868377e-01;3.161945018642116e+02;5.975773894779193e-01;3.629301836816963e+00;3.161945018642116e+02,31.119982052994235*epsilon*(-0.05295088673159155*(T - 316.1945018642116) + 1) - 0.22554447458683766*(T - 316.1945018642116) + epsilon**0.5975773894779193*3.629301836816963*(T - 316.1945018642116),1.3011520510316633e-14,1.460359096742376e-14,2.331494279770061e-12
matsci,MatSci1,epsilon;T,7.773814951275034*epsilon**3 + 55.12431765498469*epsilon**0.26636900997297436*exp(-52.48673409660327/(8.314*T)) + epsilon*3.8053996848046987*sin(T - 276.43885211152184),c0*epsilon**c1 + c2*epsilon**c3*exp(-c4/(c5*T)) + epsilon*c6*sin(T - c7),c0;c1;c2;c3;c4;c5;c6;c7,7.773814951275034e+00;3.000000000000000e+00;5.512431765498469e+01;2.663690099729744e-01;5.248673409660327e+01;8.314000000000000e+00;3.805399684804699e+00;2.764388521115218e+02,7.773814951275034*epsilon**3 + 55.12431765498469*epsilon**0.26636900997297436*exp(-52.48673409660327/(8.314*T)) + epsilon*3.8053996848046987*sin(T - 276.43885211152184),1.5408732194237127e-12,1.53620781520901e-12,2.825018683669862e-10
matsci,MatSci2,epsilon;T,7.317170963605775*epsilon**3 + 7.9502029236699165*(T - 287.09242249747626)*exp(-epsilon),c0*epsilon**c1 + c2*(T - c3)*exp(-epsilon),c0;c1;c2;c3,7.317170963605775e+00;3.000000000000000e+00;7.950202923669917e+00;2.870924224974763e+02,7.317170963605775*epsilon**3 + 7.9502029236699165*(T - 287.09242249747626)*exp(-epsilon),2.919724650939837e-14,3.038789584608707e-14,2.389135382360895e-11
matsci,MatSci3,epsilon;T,2.0970201031204225*epsilon**3 + 71.35562607889295*epsilon**0.19980173873064822*exp(-5.002925364304703/(8.314*T)) + epsilon**3*3.3046149048519156*(T - 370.1712095389104),c0*epsilon**c1 + c2*epsilon**c3*exp(-c4/(c5*T)) + epsilon**c6*c7*(T - c8),c0;c1;c2;c3;c4;c5;c6;c7;c8,2.097020103120423e+00;3.000000000000000e+00;7.135562607889295e+01;1.998017387306482e-01;5.002925364304703e+00;8.314000000000000e+00;3.000000000000000e+00;3.304614904851916e+00;3.701712095389104e+02,2.0970201031204225*epsilon**3 + 71.35562607889295*epsilon**0.19980173873064822*exp(-5.002925364304703/(8.314*T)) + epsilon**3*3.3046149048519156*(T - 370.1712095389104),2.0038706363892074e-14,1.9531904766890534e-14,9.437332522219759e-13
matsci,MatSci4,epsilon;T,90.77601571302965*epsilon**2 + 2.4819026782864757*(T - 337.7690120541362)*log(epsilon + 1),c0*epsilon**c1 + c2*(T - c3)*log(epsilon + c4),c0;c1;c2;c3;c4,9.077601571302965e+01;2.000000000000000e+00;2.481902678286476e+00;3.377690120541362e+02;1.000000000000000e+00,90.77601571302965*epsilon**2 + 2.4819026782864757*(T - 337.7690120541362)*log(epsilon + 1),1.2719676377615305e-14,1.1459310613185962e-14,1.6742811080458887e-12
matsci,MatSci5,epsilon;T,61.34686906400979*epsilon*(-0.05076522329965729*(T - 278.14787512499896) + 1) + 98.57939495694947*epsilon**0.3178497443603504*exp(-49.45582326747874/(8.314*T)) + epsilon**1.450294566141342*2.304053848821008*(T - 278.14787512499896),c0*epsilon*(-c1*(T - c2) + c3) + c4*epsilon**c5*exp(-c6/(c7*T)) + epsilon**c8*c9*(T - c10),c0;c1;c2;c3;c4;c5;c6;c7;c8;c9;c10,6.134686906400979e+01;5.076522329965729e-02;2.781478751249990e+02;1.000000000000000e+00;9.857939495694947e+01;3.178497443603504e-01;4.945582326747874e+01;8.314000000000000e+00;1.450294566141342e+00;2.304053848821008e+00;2.781478751249990e+02,61.34686906400979*epsilon*(-0.05076522329965729*(T - 278.14787512499896) + 1) + 98.57939495694947*epsilon**0.3178497443603504*exp(-49.45582326747874/(8.314*T)) + epsilon**1.450294566141342*2.304053848821008*(T - 278.14787512499896),2.3185267713544095e-14,2.6639401731287228e-14,3.422647622497366e-12
matsci,MatSci6,epsilon;T,21.698090453033654*epsilon*(-0.05460334940892902*(T - 342.5784399345082) + 1) + epsilon*5.6497230214391285*(T - 342.5784399345082)**2,c0*epsilon*(-c1*(T - c2) + c3) + epsilon*c4*(T - c5)**c6,c0;c1;c2;c3;c4;c5;c6,2.169809045303365e+01;5.460334940892902e-02;3.425784399345082e+02;1.000000000000000e+00;5.649723021439129e+00;3.425784399345082e+02;2.000000000000000e+00,21.698090453033654*epsilon*(-0.05460334940892902*(T - 342.5784399345082) + 1) + epsilon*5.6497230214391285*(T - 342.5784399345082)**2,4.634543289102764e-14,4.980093976370869e-14,2.3767540491945756e-12
matsci,MatSci7,epsilon;T,6.531365700567425*epsilon**3 - 0.6867651335523405*(T - 289.08080514174986) + 3.018423785145038*(T - 289.08080514174986)*log(epsilon + 1),c0*epsilon**c1 - c2*(T - c3) + c4*(T - c5)*log(epsilon + c6),c0;c1;c2;c3;c4;c5;c6,6.531365700567425e+00;3.000000000000000e+00;6.867651335523405e-01;2.890808051417499e+02;3.018423785145038e+00;2.890808051417499e+02;1.000000000000000e+00,6.531365700567425*epsilon**3 - 0.6867651335523405*(T - 289.08080514174986) + 3.018423785145038*(T - 289.08080514174986)*log(epsilon + 1),1.2498325505021526e-14,1.1363883414551065e-14,1.0653495540633008e-12
matsci,MatSci8,epsilon;T,23.788341555913973*epsilon*(-0.050420144608590484*(T - 330.2004199209183) + 1) + epsilon**0.9585455289307727*5.229500625918487*(T - 330.2004199209183),c0*epsilon*(-c1*(T - c2) + c3) + epsilon**c4*c5*(T - c6),c0;c1;c2;c3;c4;c5;c6,2.378834155591397e+01;5.042014460859048e-02;3.302004199209183e+02;1.000000000000000e+00;9.585455289307727e-01;5.229500625918487e+00;3.302004199209183e+02,23.788341555913973*epsilon*(-0.050420144608590484*(T - 330.2004199209183) + 1) + epsilon**0.9585455289307727*5.229500625918487*(T - 330.2004199209183),1.3399471090697096e-14,1.5225934755656473e-14,1.6859174956273822e-12
matsci,MatSci9,epsilon;T,4.255830478818137*epsilon**3 - 0.39029568781474044*(T - 308.8646781296164) + epsilon**3*8.63802815432207*(T - 308.8646781296164),c0*epsilon**c1 - c2*(T - c3) + epsilon**c4*c5*(T - c6),c0;c1;c2;c3;c4;c5;c6,4.255830478818137e+00;3.000000000000000e+00;3.902956878147404e-01;3.088646781296164e+02;3.000000000000000e+00;8.638028154322070e+00;3.088646781296164e+02,4.255830478818137*epsilon**3 - 0.39029568781474044*(T - 308.8646781296164) + epsilon**3*8.63802815432207*(T - 308.8646781296164),2.7632079712784115e-14,2.9366921096080706e-14,8.069584539726652e-13
matsci,MatSci10,epsilon;T,7.722936175676248*epsilon**3 + 36.65887349971503*epsilon**0.2143544613866963*exp(-82.43745550530616/(8.314*T)) + epsilon*1.3361336987429298*(T - 327.2644634707577)**2,c0*epsilon**c1 + c2*epsilon**c3*exp(-c4/(c5*T)) + epsilon*c6*(T - c7)**c8,c0;c1;c2;c3;c4;c5;c6;c7;c8,7.722936175676248e+00;3.000000000000000e+00;3.665887349971503e+01;2.143544613866963e-01;8.243745550530616e+01;8.314000000000000e+00;1.336133698742930e+00;3.272644634707577e+02;2.000000000000000e+00,7.722936175676248*epsilon**3 + 36.65887349971503*epsilon**0.2143544613866963*exp(-82.43745550530616/(8.314*T)) + epsilon*1.3361336987429298*(T - 327.2644634707577)**2,4.130612190822596e-14,3.908243732002061e-14,2.224437329534021e-12
matsci,MatSci11,epsilon;T,61.560353877200875*epsilon**0.47764005618501093*exp(-55.88105119862867/(8.314*T)) + epsilon**3*7.641072250261916*(T - 344.4595922700062),c0*epsilon**c1*exp(-c2/(c3*T)) + epsilon**c4*c5*(T - c6),c0;c1;c2;c3;c4;c5;c6,6.156035387720087e+01;4.776400561850109e-01;5.588105119862867e+01;8.314000000000000e+00;3.000000000000000e+00;7.641072250261916e+00;3.444595922700062e+02,61.560353877200875*epsilon**0.47764005618501093*exp(-55.88105119862867/(8.314*T)) + epsilon**3*7.641072250261916*(T - 344.4595922700062),1.9087877256418165e-14,1.439678848561764e-14,9.088930056619287e-13
matsci,MatSci12,epsilon;T,3.6246197436205594*epsilon*(-0.05899178254607287*(T - 367.02302414249573) + 1) + 94.20501606887599*epsilon**0.44749237402069686*exp(-55.01606214227756/(8.314*T)) + epsilon*5.12427601442365*exp(-(T - 367.02302414249573)**2),c0*epsilon*(-c1*(T - c2) + c3) + c4*epsilon**c5*exp(-c6/(c7*T)) + epsilon*c8*exp(-(T - c9)**c10),c0;c1;c2;c3;c4;c5;c6;c7;c8;c9;c10,3.624619743620559e+00;5.899178254607287e-02;3.670230241424957e+02;1.000000000000000e+00;9.420501606887599e+01;4.474923740206969e-01;5.501606214227756e+01;8.314000000000000e+00;5.124276014423650e+00;3.670230241424957e+02;2.000000000000000e+00,3.6246197436205594*epsilon*(-0.05899178254607287*(T - 367.02302414249573) + 1) + 94.20501606887599*epsilon**0.44749237402069686*exp(-55.01606214227756/(8.314*T)) + epsilon*5.12427601442365*exp(-(T - 367.02302414249573)**2),1.6880135452885687e-14,1.4819882589524548e-14,1.2286413337240693e-11
matsci,MatSci13,epsilon;T,-0.6056800229293963*(T - 298.0016449216105) + epsilon*3.1473717381130615*exp(-(T - 298.0016449216105)**2),-c0*(T - c1) + epsilon*c2*exp(-(T - c3)**c4),c0;c1;c2;c3;c4,6.056800229293963e-01;2.980016449216105e+02;3.147371738113061e+00;2.980016449216105e+02;2.000000000000000e+00,-0.6056800229293963*(T - 298.0016449216105) + epsilon*3.1473717381130615*exp(-(T - 298.0016449216105)**2),1.902345828021929e-14,1.8743376180229876e-14,4.81348168588977e-12
matsci,MatSci14,epsilon;T,-0.5449782742323234*(T - 352.1579043725849) + epsilon**0.6261602091724962*1.5180288401497986*(T - 352.1579043725849),-c0*(T - c1) + epsilon**c2*c3*(T - c4),c0;c1;c2;c3;c4,5.449782742323234e-01;3.521579043725849e+02;6.261602091724962e-01;1.518028840149799e+00;3.521579043725849e+02,-0.5449782742323234*(T - 352.1579043725849) + epsilon**0.6261602091724962*1.5180288401497986*(T - 352.1579043725849),2.1658967335959334e-14,1.9449159218379183e-14,1.3639753463867852e-12
matsci,MatSci16,epsilon;T,55.831574155730756*epsilon*(-0.0969609510262908*(T - 325.3097844170149) + 1) + epsilon*6.648022720756571*exp(-(T - 325.3097844170149)**2),c0*epsilon*(-c1*(T - c2) + c3) + epsilon*c4*exp(-(T - c5)**c6),c0;c1;c2;c3;c4;c5;c6,5.583157415573076e+01;9.696095102629081e-02;3.253097844170149e+02;1.000000000000000e+00;6.648022720756571e+00;3.253097844170149e+02;2.000000000000000e+00,55.831574155730756*epsilon*(-0.0969609510262908*(T - 325.3097844170149) + 1) + epsilon*6.648022720756571*exp(-(T - 325.3097844170149)**2),1.5258606062373958e-14,1.391604406571125e-14,1.6436102505575137e-12
matsci,MatSci18,epsilon;T,2.353524517872731*epsilon**2 + epsilon*6.266345790929248*(T - 342.1714397168912)**2,c0*epsilon**c1 + epsilon*c2*(T - c3)**c4,c0;c1;c2;c3;c4,2.353524517872731e+00;2.000000000000000e+00;6.266345790929248e+00;3.421714397168912e+02;2.000000000000000e+00,2.353524517872731*epsilon**2 + epsilon*6.266345790929248*(T - 342.1714397168912)**2,4.60628493241103e-14,4.629056123522976e-14,2.3139565198442188e-12
matsci,MatSci19,epsilon;T,96.82940277854249*epsilon*(-0.00975241411319901*(T - 352.18178394696326) + 1) - 0.4784822007985676*(T - 352.18178394696326) + 8.062014375498787*(T - 352.18178394696326)*log(epsilon + 1),c0*epsilon*(-c1*(T - c2) + c3) - c4*(T - c5) + c6*(T - c7)*log(epsilon + c8),c0;c1;c2;c3;c4;c5;c6;c7;c8,9.682940277854249e+01;9.752414113199010e-03;3.521817839469633e+02;1.000000000000000e+00;4.784822007985676e-01;3.521817839469633e+02;8.062014375498787e+00;3.521817839469633e+02;1.000000000000000e+00,96.82940277854249*epsilon*(-0.00975241411319901*(T - 352.18178394696326) + 1) - 0.4784822007985676*(T - 352.18178394696326) + 8.062014375498787*(T - 352.18178394696326)*log(epsilon + 1),1.4499222908509003e-14,1.4178308536177566e-14,1.765216888269391e-12
matsci,MatSci20,epsilon;T,5.889184448896621*epsilon**3 + 2.8821771197066277*(T - 279.6235977851866)*sin(epsilon),c0*epsilon**c1 + c2*(T - c3)*sin(epsilon),c0;c1;c2;c3,5.889184448896621e+00;3.000000000000000e+00;2.882177119706628e+00;2.796235977851866e+02,5.889184448896621*epsilon**3 + 2.8821771197066277*(T - 279.6235977851866)*sin(epsilon),1.0737315623105625e-14,1.172345281896388e-14,1.520349729602385e-12
matsci,MatSci21,epsilon;T,28.580443564163904*epsilon**2 - 0.28570034656521326*(T - 281.87025337570554) + epsilon**3*4.278428749432679*(T - 281.87025337570554),c0*epsilon**c1 - c2*(T - c3) + epsilon**c4*c5*(T - c6),c0;c1;c2;c3;c4;c5;c6,2.858044356416390e+01;2.000000000000000e+00;2.857003465652133e-01;2.818702533757055e+02;3.000000000000000e+00;4.278428749432679e+00;2.818702533757055e+02,28.580443564163904*epsilon**2 - 0.28570034656521326*(T - 281.87025337570554) + epsilon**3*4.278428749432679*(T - 281.87025337570554),2.972072418916452e-14,3.243001143113936e-14,8.267875957005116e-13
matsci,MatSci22,epsilon;T,72.33109007775502*epsilon**2 + epsilon*7.746546088077286*sin(T - 287.77390919062265),c0*epsilon**c1 + epsilon*c2*sin(T - c3),c0;c1;c2;c3,7.233109007775502e+01;2.000000000000000e+00;7.746546088077286e+00;2.877739091906226e+02,72.33109007775502*epsilon**2 + epsilon*7.746546088077286*sin(T - 287.77390919062265),1.0231862941555375e-11,1.0324857253412684e-11,2.2009333300739863e-10
matsci,MatSci23,epsilon;T,64.94580689182851*epsilon**0.6137004742020207*exp(-36.945147343464875/(8.314*T)) - 0.21482227251600738*(T - 331.6841118020879) + 3.55398315218852*(T - 331.6841118020879)*log(epsilon + 1),c0*epsilon**c1*exp(-c2/(c3*T)) - c4*(T - c5) + c6*(T - c7)*log(epsilon + c8),c0;c1;c2;c3;c4;c5;c6;c7;c8,6.494580689182851e+01;6.137004742020207e-01;3.694514734346487e+01;8.314000000000000e+00;2.148222725160074e-01;3.316841118020879e+02;3.553983152188520e+00;3.316841118020879e+02;1.000000000000000e+00,64.94580689182851*epsilon**0.6137004742020207*exp(-36.945147343464875/(8.314*T)) - 0.21482227251600738*(T - 331.6841118020879) + 3.55398315218852*(T - 331.6841118020879)*log(epsilon + 1),1.2007106575957136e-14,1.4544003993841147e-14,1.5503882124401376e-12
matsci,MatSci24,epsilon;T,99.72829794207104*epsilon*(-0.08976441603442807*(T - 330.599841780566) + 1) + 4.818532892851478*epsilon**3 + 5.41673901332906*(T - 330.599841780566)*sin(epsilon),c0*epsilon*(-c1*(T - c2) + c3) + c4*epsilon**c5 + c6*(T - c7)*sin(epsilon),c0;c1;c2;c3;c4;c5;c6;c7,9.972829794207104e+01;8.976441603442807e-02;3.305998417805660e+02;1.000000000000000e+00;4.818532892851478e+00;3.000000000000000e+00;5.416739013329060e+00;3.305998417805660e+02,99.72829794207104*epsilon*(-0.08976441603442807*(T - 330.599841780566) + 1) + 4.818532892851478*epsilon**3 + 5.41673901332906*(T - 330.599841780566)*sin(epsilon),1.8044480160157648e-14,1.447281031451038e-14,1.5108199143068775e-12
matsci,MatSci25,epsilon;T,83.23132137098519*epsilon**0.9685242195998613*exp(-93.02338528053475/(8.314*T)) + epsilon*4.139814398886958*sin(T - 349.0227859889686),c0*epsilon**c1*exp(-c2/(c3*T)) + epsilon*c4*sin(T - c5),c0;c1;c2;c3;c4;c5,8.323132137098519e+01;9.685242195998613e-01;9.302338528053475e+01;8.314000000000000e+00;4.139814398886958e+00;3.490227859889686e+02,83.23132137098519*epsilon**0.9685242195998613*exp(-93.02338528053475/(8.314*T)) + epsilon*4.139814398886958*sin(T - 349.0227859889686),7.723968004960085e-13,5.312147726604705e-13,1.9324563013882394e-10
matsci,MatSci28,epsilon;T,11.11905375829476*epsilon**2 + 11.11905375829476*epsilon*(-0.09195630170381391*(T - 352.0084637124087) + 1) + 4.3699183274837985*(T - 352.0084637124087)*log(epsilon + 1),c0*epsilon**c1 + c2*epsilon*(-c3*(T - c4) + c5) + c6*(T - c7)*log(epsilon + c8),c0;c1;c2;c3;c4;c5;c6;c7;c8,1.111905375829476e+01;2.000000000000000e+00;1.111905375829476e+01;9.195630170381391e-02;3.520084637124087e+02;1.000000000000000e+00;4.369918327483798e+00;3.520084637124087e+02;1.000000000000000e+00,11.11905375829476*epsilon**2 + 11.11905375829476*epsilon*(-0.09195630170381391*(T - 352.0084637124087) + 1) + 4.3699183274837985*(T - 352.0084637124087)*log(epsilon + 1),1.5363082593215718e-14,1.6244056158111057e-14,2.0300855138747355e-12
phys_osc,PO0,x;t;v,F0*sin(t) - beta*sin(v(t)) - omega0**2*x(t)**3 - omega0**2*x(t)*exp(-Abs(x(t))),F0*sin(t) - beta*sin(v) - omega0**c0*x**c1 - omega0**c2*x*exp(-Abs(x)),c0;c1;c2;F0;beta;omega0,2.000000000000000e+00;3.000000000000000e+00;2.000000000000000e+00;9.479815920380456e-01;7.122767973500881e-01;1.013264955616267e+00,-1.02670587028003*x**3 - 1.02670587028003*x*exp(-Abs(x)) + 0.947981592038046*sin(t) - 0.712276797350088*sin(v),1.7091024565295764e-13,1.8364879264915873e-13,5.822227436407582e-13
phys_osc,PO1,x;t,F0*sin(t) - omega0**2*x(t) - omega0**2*x(t)*exp(-Abs(x(t))),F0*sin(t) - omega0**c0*x - omega0**c1*x*exp(-Abs(x)),c0;c1;F0;omega0,2.000000000000000e+00;2.000000000000000e+00;4.226191609168549e-01;-1.074044651514283e+00,-1.15357191344644*x - 1.15357191344644*x*exp(-Abs(x)) + 0.422619160916855*sin(t),1.2810299004738262e-14,1.2707969827132367e-14,9.598009585672454e-14
phys_osc,PO2,x;t;v,-alpha*v(t)**3 - mu*(1 - x(t)**2)*v(t) - omega0**2*x(t) - omega0**2*x(t)*exp(-Abs(x(t))),-alpha*v**c0 - mu*(c1 - x**c2)*v - omega0**c3*x - omega0**c4*x*exp(-Abs(x)),c0;c1;c2;c3;c4;alpha;mu;omega0,3.000000000000000e+00;1.000000000000000e+00;2.000000000000000e+00;2.000000000000000e+00;2.000000000000000e+00;8.924210317897308e-02;7.253064353399377e-01;1.203061222647994e+00,-0.0892421031789731*v**3 - 0.725306435339938*v*(1 - x**2) - 1.44735630543929*x - 1.44735630543929*x*exp(-Abs(x)),3.86727218788868e-13,3.1523099996724143e-13,0.05449832262119841
phys_osc,PO3,t;v,F0*sin(t) - beta*sin(v(t)) - 2*beta*v(t),F0*sin(t) - beta*sin(v) - c0*beta*v,c0;F0;beta,2.000000000000000e+00;1.062569142304422e-01;4.843969780176376e-01,-0.968793956035275*v + 0.106256914230442*sin(t) - 0.484396978017638*sin(v),8.883941090386995e-13,8.833015617407099e-13,6.734659690763923e-12
phys_osc,PO4,x;t;v,F0*sin(t) - alpha*v(t)**3 - omega0**2*(gamma*Abs(v(t))**0.333333333333333 + 1)*x(t) - omega0**2*x(t),F0*sin(t) - alpha*v**c0 - omega0**c1*(gamma*Abs(v)**c2 + c3)*x - omega0**c4*x,c0;c1;c2;c3;c4;F0;alpha;gamma;omega0,3.000000000000000e+00;2.000000000000000e+00;3.333333333333330e-01;1.000000000000000e+00;2.000000000000000e+00;3.507818233996913e-01;2.304054067388048e-02;5.524110205313165e-02;-1.051478753651591e+00,-0.0230405406738805*v**3 - 1.1056075693807*x*(0.0552411020531317*Abs(v)**0.333333333333333 + 1) - 1.1056075693807*x + 0.350781823399691*sin(t),1.157309806343742e-14,9.68005917987735e-15,7.888498623856836e-14
phys_osc,PO5,x;t;v,-beta*sin(v(t)) - 2*beta*v(t) - omega0**2*(gamma*Abs(v(t))**0.333333333333333 + 1)*x(t) - omega0**2*x(t)**3 - omega0**2*x(t),-beta*sin(v) - c0*beta*v - omega0**c1*(gamma*Abs(v)**c2 + c3)*x - omega0**c4*x**c5 - omega0**c6*x,c0;c1;c2;c3;c4;c5;c6;beta;gamma;omega0,2.000000000000000e+00;2.000000000000000e+00;3.333333333333330e-01;1.000000000000000e+00;2.000000000000000e+00;3.000000000000000e+00;2.000000000000000e+00;4.480618113833388e-01;9.430567863398463e-02;1.137520945990733e+00,-0.896123622766678*v - 1.29395390256765*x**3 - 1.29395390256765*x*(0.0943056786339846*Abs(v)**0.333333333333333 + 1) - 1.29395390256765*x - 0.448061811383339*sin(v),2.2260396627686058e-12,3.10042654423361e-12,0.6831763476445895
phys_osc,PO6,x;t;v,-beta*log(Abs(v(t)) + 1) - 2*beta*v(t) - omega0**2*x(t)**3,-beta*log(Abs(v) + c0) - c1*beta*v - omega0**c2*x**c3,c0;c1;c2;c3;beta;omega0,1.000000000000000e+00;2.000000000000000e+00;2.000000000000000e+00;3.000000000000000e+00;3.305862465127620e-01;-1.081594183010037e+00,-0.661172493025524*v - 1.16984597672115*x**3 - 0.330586246512762*log(Abs(v) + 1),4.707780307195972e-15,1.0905830994825728e-14,4.4548858895e-10
phys_osc,PO7,x;t;v,-alpha*v(t)**3 - beta*Abs(v(t))**0.333333333333333 - omega0**2*x(t)**3,-alpha*v**c0 - beta*Abs(v)**c1 - omega0**c2*x**c3,c0;c1;c2;c3;alpha;beta;omega0,3.000000000000000e+00;3.333333333333330e-01;2.000000000000000e+00;3.000000000000000e+00;4.589388272923189e-02;7.295609912048436e-01;1.132745424195125e+00,-0.0458938827292319*v**3 - 1.28311219603499*x**3 - 0.729560991204844*Abs(v)**0.333333333333333,8.3417362933815e-15,8.233195133658373e-15,1.0862814836130432e-14
phys_osc,PO8,x;t;v,-beta*Abs(v(t))**0.333333333333333 - omega0**2*x(t)**3,-beta*Abs(v)**c0 - omega0**c1*x**c2,c0;c1;c2;beta;omega0,3.333333333333330e-01;2.000000000000000e+00;3.000000000000000e+00;6.004045339770914e-01;-1.043400781721249e+00,-1.08868519129651*x**3 - 0.600404533977091*Abs(v)**0.333333333333333,5.9576412822553234e-15,5.380228566647479e-15,6.671211569697346e-15
phys_osc,PO9,x;t;v,F0*sin(t) - mu*(1 - x(t)**2)*v(t) - omega0**2*(gamma*Abs(v(t))**0.333333333333333 + 1)*x(t) - omega0**2*x(t),F0*sin(t) - mu*(c0 - x**c1)*v - omega0**c2*(gamma*Abs(v)**c3 + c4)*x - omega0**c5*x,c0;c1;c2;c3;c4;c5;F0;gamma;mu;omega0,1.000000000000000e+00;2.000000000000000e+00;2.000000000000000e+00;3.333333333333330e-01;1.000000000000000e+00;2.000000000000000e+00;3.064552762676696e-01;6.821634756847383e-02;4.243105872181822e-01;-1.388268385186753e+00,-0.424310587218182*v*(1 - x**2) - 1.92728910930903*x*(0.0682163475684738*Abs(v)**0.333333333333333 + 1) - 1.92728910930903*x + 0.30645527626767*sin(t),2.320212694641525e-14,2.1516652912272125e-14,7.389520597534232e-12
phys_osc,PO10,x;t,F0*sin(t) - omega0**2*(gamma*t + 1)*x(t) - omega0**2*x(t)**3 - omega0**2*x(t),F0*sin(t) - omega0**c0*(gamma*t + c1)*x - omega0**c2*x**c3 - omega0**c4*x,c0;c1;c2;c3;c4;F0;gamma;omega0,2.000000000000000e+00;1.000000000000000e+00;2.000000000000000e+00;3.000000000000000e+00;2.000000000000000e+00;7.998420605592543e-01;2.483508338820688e-02;-1.411255117988119e+00,-1.99164100804766*x**3 - 1.99164100804766*x*(0.0248350833882069*t + 1) - 1.99164100804766*x + 0.799842060559254*sin(t),6.593843036306593e-15,7.421035958964184e-15,1.3906622493328856e-14
phys_osc,PO11,x;t;v,-beta*sin(v(t)) - omega0**2*(gamma*t + 1)*x(t) - omega0**2*x(t)**3,-beta*sin(v) - omega0**c0*(gamma*t + c1)*x - omega0**c2*x**c3,c0;c1;c2;c3;beta;gamma;omega0,2.000000000000000e+00;1.000000000000000e+00;2.000000000000000e+00;3.000000000000000e+00;7.749196806562938e-01;9.218491510458195e-02;-1.585149538634290e+00,-2.5126990598325*x**3 - 2.5126990598325*x*(0.0921849151045819*t + 1) - 0.774919680656294*sin(v),1.5547079144241978e-12,1.1608671524508518e-12,0.027861039428567116
phys_osc,PO12,x;t;v,F0*sin(t) - alpha*v(t)**3 - beta*Abs(v(t))**0.333333333333333 - omega0**2*(gamma*t + 1)*x(t) - omega0**2*x(t),F0*sin(t) - alpha*v**c0 - beta*Abs(v)**c1 - omega0**c2*(gamma*t + c3)*x - omega0**c4*x,c0;c1;c2;c3;c4;F0;alpha;beta;gamma;omega0,3.000000000000000e+00;3.333333333333330e-01;2.000000000000000e+00;1.000000000000000e+00;2.000000000000000e+00;4.155288108535828e-01;4.937274428379918e-02;2.916677484087053e-01;2.227343306946841e-02;-1.014544665841566e+00,-0.0493727442837992*v**3 - 1.02930087898757*x*(0.0222734330694684*t + 1) - 1.02930087898757*x + 0.415528810853583*sin(t) - 0.291667748408705*Abs(v)**0.333333333333333,1.7955851060260642e-14,1.7733157249163124e-14,9.963967435009313e-14
phys_osc,PO13,x;t;v,F0*sin(t) - mu*(1 - x(t)**2)*v(t) - omega0**2*(gamma*Abs(v(t))**0.333333333333333 + 1)*x(t),F0*sin(t) - mu*(c0 - x**c1)*v - omega0**c2*(gamma*Abs(v)**c3 + c4)*x,c0;c1;c2;c3;c4;F0;gamma;mu;omega0,1.000000000000000e+00;2.000000000000000e+00;2.000000000000000e+00;3.333333333333330e-01;1.000000000000000e+00;2.660689198206442e-01;8.255811775847716e-02;4.334248931958661e-01;-1.748259688078346e+00,-0.433424893195866*v*(1 - x**2) - 3.0564119369598*x*(0.0825581177584772*Abs(v)**0.333333333333333 + 1) + 0.266068919820644*sin(t),2.5261133221657102e-14,2.8130984105056332e-14,4.123509460370294e-12
phys_osc,PO14,x;t;v,F0*sin(t) - beta*log(Abs(v(t)) + 1) - beta*sin(v(t)) - 2*beta*v(t) - mu*(1 - x(t)**2)*v(t),F0*sin(t) - beta*log(Abs(v) + c0) - beta*sin(v) - c1*beta*v - mu*(c2 - x**c3)*v,c0;c1;c2;c3;F0;beta;mu,1.000000000000000e+00;2.000000000000000e+00;1.000000000000000e+00;2.000000000000000e+00;3.423189037642935e-01;5.026711207378507e-01;1.180640159499522e-01,-0.118064015949952*v*(1 - x**2) - 1.0053422414757*v - 0.502671120737851*log(Abs(v) + 1) + 0.342318903764293*sin(t) - 0.502671120737851*sin(v),8.993914948765366e-13,8.876261533966777e-13,5.355597250421432e-12
phys_osc,PO15,x;t;v,F0*sin(t) - omega0**2*(gamma*Abs(v(t))**0.333333333333333 + 1)*x(t) - omega0**2*x(t) - omega0**2*x(t)*exp(-Abs(x(t))),F0*sin(t) - omega0**c0*(gamma*Abs(v)**c1 + c2)*x - omega0**c3*x - omega0**c4*x*exp(-Abs(x)),c0;c1;c2;c3;c4;F0;gamma;omega0,2.000000000000000e+00;3.333333333333330e-01;1.000000000000000e+00;2.000000000000000e+00;2.000000000000000e+00;6.813255242259466e-01;3.553984827332641e-02;-1.363082289760476e+00,-1.85799332865866*x*(0.0355398482733264*Abs(v)**0.333333333333333 + 1) - 1.85799332865866*x - 1.85799332865866*x*exp(-Abs(x)) + 0.681325524225947*sin(t),7.546160798545095e-15,8.559353982509896e-15,2.439167788209626e-14
phys_osc,PO16,x;t;v,F0*sin(t) - beta*sin(x(t))*v(t) - beta*sin(v(t)) - omega0**2*x(t)**3,F0*sin(t) - beta*sin(x)*v - beta*sin(v) - omega0**c0*x**c1,c0;c1;F0;beta;omega0,2.000000000000000e+00;3.000000000000000e+00;8.890890788906030e-01;1.301791982747333e-01;1.762458679805023e+00,-0.130179198274733*v*sin(x) - 3.10626059802007*x**3 + 0.889089078890603*sin(t) - 0.130179198274733*sin(v),5.315377960823307e-14,4.8768080378755145e-14,1.2607605553971126e-13
phys_osc,PO17,x;t;v,F0*sin(t) - beta*sin(x(t))*v(t) - 2*beta*v(t) - omega0**2*x(t),F0*sin(t) - beta*sin(x)*v - c0*beta*v - omega0**c1*x,c0;c1;F0;beta;omega0,2.000000000000000e+00;2.000000000000000e+00;4.607662802983636e-01;2.634379499466631e-01;-1.583391792596300e+00,-0.263437949946663*v*sin(x) - 0.526875899893326*v - 2.50712956886133*x + 0.460766280298364*sin(t),1.6585176950973475e-13,1.822640074461814e-13,2.0455183915939683e-12
phys_osc,PO18,x;t;v,-beta*sin(x(t))*v(t) - omega0**2*x(t),-beta*sin(x)*v - omega0**c0*x,c0;beta;omega0,2.000000000000000e+00;5.836560399904767e-01;-1.346345994082632e+00,-0.583656039990477*v*sin(x) - 1.81264753578235*x,9.129478201710865e-16,9.250251392055096e-16,1.0908248655772278e-15
phys_osc,PO19,x;t;v,-2*beta*v(t) - omega0**2*x(t)*exp(-Abs(x(t))),-c0*beta*v - omega0**c1*x*exp(-Abs(x)),c0;c1;beta;omega0,2.000000000000000e+00;2.000000000000000e+00;2.997749461658402e-01;-1.671892743566716e+00,-0.59954989233168*v - 2.79522534599104*x*exp(-Abs(x)),1.1468917467985156e-13,2.2602263272396248e-13,0.0002075103641084123
phys_osc,PO20,x;t;v,-alpha*v(t)**3 - beta*log(Abs(v(t)) + 1) - 2*beta*v(t) - mu*(1 - v(t)**2)*v(t) - omega0**2*(gamma*Abs(v(t))**0.333333333333333 + 1)*x(t),-alpha*v**c0 - beta*log(Abs(v) + c1) - c2*beta*v - mu*(c3 - v**c4)*v - omega0**c5*(gamma*Abs(v)**c6 + c7)*x,c0;c1;c2;c3;c4;c5;c6;c7;alpha;beta;gamma;mu;omega0,3.000000000000000e+00;1.000000000000000e+00;2.000000000000000e+00;1.000000000000000e+00;2.000000000000000e+00;2.000000000000000e+00;3.333333333333330e-01;1.000000000000000e+00;4.417231689231021e-02;6.247374040487611e-01;4.792819890459153e-02;3.334810935406569e-01;-1.892671713356564e+00,-0.0441723168923102*v**3 - 0.333481093540657*v*(1 - v**2) - 1.24947480809752*v - 3.58220621454007*x*(0.0479281989045915*Abs(v)**0.333333333333333 + 1) - 0.624737404048761*log(Abs(v) + 1),1.9531624381941414e-12,1.5658041320642662e-12,0.24645773118656603
phys_osc,PO21,x;t;v,F0*sin(t) - beta*sin(x(t))*v(t),F0*sin(t) - beta*sin(x)*v,F0;beta,7.675182604710588e-01;2.638964350205758e-01,-0.263896435020576*v*sin(x) + 0.767518260471059*sin(t),2.9994941389343155e-13,3.440736638515327e-13,1.0951856749796226e-12
phys_osc,PO22,x;t;v,-2*beta*v(t) - beta*exp(-Abs(x(t)))*v(t) - mu*(1 - x(t)**2)*v(t) - omega0**2*x(t)**3,-c0*beta*v - beta*exp(-Abs(x))*v - mu*(c1 - x**c2)*v - omega0**c3*x**c4,c0;c1;c2;c3;c4;beta;mu;omega0,2.000000000000000e+00;1.000000000000000e+00;2.000000000000000e+00;2.000000000000000e+00;3.000000000000000e+00;3.070079885182349e-01;7.522899771670057e-01;-1.076953217740817e+00,-0.752289977167006*v*(1 - x**2) - 0.61401597703647*v - 0.307007988518235*v*exp(-Abs(x)) - 1.1598282332023*x**3,6.834834013404331e-15,4.713735580658303e-15,3.826438394319096e-09
phys_osc,PO23,x;t;v,F0*sin(t) - beta*log(Abs(v(t)) + 1) - omega0**2*x(t)*exp(-Abs(x(t))),F0*sin(t) - beta*log(Abs(v) + c0) - omega0**c1*x*exp(-Abs(x)),c0;c1;F0;beta;omega0,1.000000000000000e+00;2.000000000000000e+00;1.085368929511297e-01;4.455675012464157e-01;-1.070029708352016e+00,-1.1449635767559*x*exp(-Abs(x)) - 0.445567501246416*log(Abs(v) + 1) + 0.10853689295113*sin(t),9.849329332033768e-15,1.138237179155515e-14,2.0456406607004085e-12
phys_osc,PO24,t;v,F0*sin(t) - alpha*v(t)**3 - beta*log(Abs(v(t)) + 1),F0*sin(t) - alpha*v**c0 - beta*log(Abs(v) + c1),c0;c1;F0;alpha;beta,3.000000000000000e+00;1.000000000000000e+00;7.824146260932517e-01;8.342497799879969e-02;9.954170056010564e-01,-0.0834249779987997*v**3 - 0.995417005601056*log(Abs(v) + 1) + 0.782414626093252*sin(t),4.970138015734629e-13,4.622145719538887e-13,6.420778143947308e-12
phys_osc,PO25,t;v,F0*sin(t) - beta*sin(v(t)),F0*sin(t) - beta*sin(v),F0;beta,9.384305391707438e-01;8.669741422589274e-01,0.938430539170744*sin(t) - 0.866974142258927*sin(v),4.645113984511262e-13,5.597271987267904e-13,2.608211228368454e-12
phys_osc,PO26,x;t;v,F0*sin(t) - beta*log(Abs(v(t)) + 1) - 2*beta*v(t) - omega0**2*x(t)**3,F0*sin(t) - beta*log(Abs(v) + c0) - c1*beta*v - omega0**c2*x**c3,c0;c1;c2;c3;F0;beta;omega0,1.000000000000000e+00;2.000000000000000e+00;2.000000000000000e+00;3.000000000000000e+00;3.403254430071393e-01;4.130282737714945e-01;1.565731951451177e+00,-0.826056547542989*v - 2.45151654379511*x**3 - 0.413028273771494*log(Abs(v) + 1) + 0.340325443007139*sin(t),1.6070922107837886e-13,1.5325952664157163e-13,1.0518885821195339e-12
phys_osc,PO27,x;t;v,F0*sin(t) - alpha*v(t)**3 - 2*beta*v(t) - beta*exp(-Abs(v(t)))*v(t),F0*sin(t) - alpha*v**c0 - c1*beta*v - beta*exp(-Abs(v))*v,c0;c1;F0;alpha;beta,3.000000000000000e+00;2.000000000000000e+00;6.686321676691496e-01;5.859857128040968e-02;3.583343100484061e-01,-0.0585985712804097*v**3 - 0.716668620096812*v - 0.358334310048406*v*exp(-Abs(v)) + 0.66863216766915*sin(t),5.453687794878102e-13,6.080397376562857e-13,3.3549599206515156e-12
phys_osc,PO28,x;t;v,-2*beta*v(t) - omega0**2*(gamma*Abs(v(t))**0.333333333333333 + 1)*x(t) - omega0**2*x(t)**3 - omega0**2*x(t),-c0*beta*v - omega0**c1*(gamma*Abs(v)**c2 + c3)*x - omega0**c4*x**c5 - omega0**c6*x,c0;c1;c2;c3;c4;c5;c6;beta;gamma;omega0,2.000000000000000e+00;2.000000000000000e+00;3.333333333333330e-01;1.000000000000000e+00;2.000000000000000e+00;3.000000000000000e+00;2.000000000000000e+00;9.498732714115871e-01;1.919740388450461e-02;1.854209780003124e+00,-1.89974654282317*v - 3.43809390825923*x**3 - 3.43809390825923*x*(0.0191974038845046*Abs(v)**0.333333333333333 + 1) - 3.43809390825923*x,3.791748032628423e-12,3.461739831604961e-12,0.8633019456381401
phys_osc,PO29,x;t;v,-mu*(1 - x(t)**2)*v(t) - omega0**2*(gamma*t + 1)*x(t) - omega0**2*x(t)**3,-mu*(c0 - x**c1)*v - omega0**c2*(gamma*t + c3)*x - omega0**c4*x**c5,c0;c1;c2;c3;c4;c5;gamma;mu;omega0,1.000000000000000e+00;2.000000000000000e+00;2.000000000000000e+00;1.000000000000000e+00;2.000000000000000e+00;3.000000000000000e+00;3.069591680539248e-02;4.316737115550580e-01;1.213104698180878e+00,-0.431673711555058*v*(1 - x**2) - 1.47162300874852*x**3 - 1.47162300874852*x*(0.0306959168053925*t + 1),2.7818690273767844e-15,1.7435696882285266e-15,2.5729367297855976e-15
phys_osc,PO30,x;t;v,-alpha*v(t)**3 - beta*sin(x(t))*v(t) - beta*sin(v(t)) - omega0**2*x(t)**3,-alpha*v**c0 - beta*sin(x)*v - beta*sin(v) - omega0**c1*x**c2,c0;c1;c2;alpha;beta;omega0,3.000000000000000e+00;2.000000000000000e+00;3.000000000000000e+00;8.836781010727017e-02;1.959337251310110e-01;1.999413729448207e+00,-0.0883678101072702*v**3 - 0.195933725131011*v*sin(x) - 3.99765526150599*x**3 - 0.195933725131011*sin(v),5.220106301027649e-15,4.1956381009876065e-15,3.1488613614033436e-13
phys_osc,PO31,x;t;v,-omega0**2*(gamma*Abs(v(t))**0.333333333333333 + 1)*x(t) - omega0**2*x(t)**3,-omega0**c0*(gamma*Abs(v)**c1 + c2)*x - omega0**c3*x**c4,c0;c1;c2;c3;c4;gamma;omega0,2.000000000000000e+00;3.333333333333330e-01;1.000000000000000e+00;2.000000000000000e+00;3.000000000000000e+00;4.381050325379264e-02;1.296869274592671e+00,-1.68186991538252*x**3 - 1.68186991538252*x*(0.0438105032537926*Abs(v)**0.333333333333333 + 1),2.268384185384188e-15,2.0676705630962422e-15,2.1911851604188107e-15
phys_osc,PO32,x;t;v,F0*sin(t) - alpha*v(t)**3 - beta*exp(-Abs(v(t)))*v(t) - omega0**2*x(t)**3,F0*sin(t) - alpha*v**c0 - beta*exp(-Abs(v))*v - omega0**c1*x**c2,c0;c1;c2;F0;alpha;beta;omega0,3.000000000000000e+00;2.000000000000000e+00;3.000000000000000e+00;5.691107304684702e-01;9.070428215305620e-02;5.944728425752962e-01;1.715490906266570e+00,-0.0907042821530562*v**3 - 0.594472842575296*v*exp(-Abs(v)) - 2.9429090494833*x**3 + 0.56911073046847*sin(t),8.494035279685752e-14,7.483901310414334e-14,2.3127058833536484e-13
phys_osc,PO33,x;t;v,-2*beta*v(t) - mu*(1 - v(t)**2)*v(t) - omega0**2*(gamma*t + 1)*x(t) - omega0**2*x(t),-c0*beta*v - mu*(c1 - v**c2)*v - omega0**c3*(gamma*t + c4)*x - omega0**c5*x,c0;c1;c2;c3;c4;c5;beta;gamma;mu;omega0,2.000000000000000e+00;1.000000000000000e+00;2.000000000000000e+00;2.000000000000000e+00;1.000000000000000e+00;2.000000000000000e+00;9.366452870036580e-01;5.790341450563105e-02;4.599146803113011e-01;1.580932056296680e+00,-0.459914680311301*v*(1 - v**2) - 1.87329057400732*v - 2.49934616662645*x*(0.0579034145056311*t + 1) - 2.49934616662645*x,1.7219629676493336e-11,1.0630196646898811e-11,0.6499815389347756
phys_osc,PO34,x;t;v,-2*beta*v(t) - mu*(1 - v(t)**2)*v(t) - omega0**2*(gamma*Abs(v(t))**0.333333333333333 + 1)*x(t),-c0*beta*v - mu*(c1 - v**c2)*v - omega0**c3*(gamma*Abs(v)**c4 + c5)*x,c0;c1;c2;c3;c4;c5;beta;gamma;mu;omega0,2.000000000000000e+00;1.000000000000000e+00;2.000000000000000e+00;2.000000000000000e+00;3.333333333333330e-01;1.000000000000000e+00;5.186850474806676e-01;1.541280496925629e-02;7.210044219880585e-01;1.562296820160469e+00,-0.721004421988058*v*(1 - v**2) - 1.03737009496134*v - 2.44077135428351*x*(0.0154128049692563*Abs(v)**0.333333333333333 + 1),5.967192767821568e-12,6.485777829776847e-12,3.2332202191155424
phys_osc,PO35,x;t;v,F0*sin(t) - beta*sin(v(t)) - omega0**2*(gamma*Abs(v(t))**0.333333333333333 + 1)*x(t),F0*sin(t) - beta*sin(v) - omega0**c0*(gamma*Abs(v)**c1 + c2)*x,c0;c1;c2;F0;beta;gamma;omega0,2.000000000000000e+00;3.333333333333330e-01;1.000000000000000e+00;1.002992557169277e-01;8.884946707238708e-01;3.499775368939601e-02;-1.851448624299090e+00,-3.42786200841899*x*(0.034997753689396*Abs(v)**0.333333333333333 + 1) + 0.100299255716928*sin(t) - 0.888494670723871*sin(v),7.639722334572604e-15,5.771140297515649e-15,5.841500125436453e-12
phys_osc,PO36,x;t;v,F0*sin(t) - beta*exp(-Abs(x(t)))*v(t),F0*sin(t) - beta*exp(-Abs(x))*v,F0;beta,1.560626202210679e-01;3.729476173623085e-01,-0.372947617362308*v*exp(-Abs(x)) + 0.156062620221068*sin(t),2.9144020016849906e-13,2.6576421798093623e-13,9.079724677174192e-13
phys_osc,PO37,x;t;v,F0*sin(t) - alpha*v(t)**3 - 2*beta*v(t) - omega0**2*(gamma*t + 1)*x(t),F0*sin(t) - alpha*v**c0 - c1*beta*v - omega0**c2*(gamma*t + c3)*x,c0;c1;c2;c3;F0;alpha;beta;gamma;omega0,3.000000000000000e+00;2.000000000000000e+00;2.000000000000000e+00;1.000000000000000e+00;7.193212362517987e-01;8.567815672529973e-02;9.598012413649289e-01;8.082130062694862e-02;-1.315406900242655e+00,-0.0856781567252997*v**3 - 1.91960248272986*v - 1.73029531320599*x*(0.0808213006269486*t + 1) + 0.719321236251799*sin(t),1.8842455402852597e-12,2.044522718738856e-12,3.3170051883364216e-11
phys_osc,PO38,x;t;v,-beta*sin(v(t)) - mu*(1 - x(t)**2)*v(t) - omega0**2*x(t)*exp(-Abs(x(t))),-beta*sin(v) - mu*(c0 - x**c1)*v - omega0**c2*x*exp(-Abs(x)),c0;c1;c2;beta;mu;omega0,1.000000000000000e+00;2.000000000000000e+00;2.000000000000000e+00;1.430477510349591e-01;1.948307678639364e-01;1.746207256808585e+00,-0.194830767863936*v*(1 - x**2) - 3.04923978373096*x*exp(-Abs(x)) - 0.143047751034959*sin(v),1.0031959974675918e-15,8.982040875518102e-16,1.172782753039861e-15
phys_osc,PO39,x;t;v,F0*sin(t) - alpha*v(t)**3 - beta*exp(-Abs(x(t)))*v(t) - mu*(1 - v(t)**2)*v(t),F0*sin(t) - alpha*v**c0 - beta*exp(-Abs(x))*v - mu*(c1 - v**c2)*v,c0;c1;c2;F0;alpha;beta;mu,3.000000000000000e+00;1.000000000000000e+00;2.000000000000000e+00;3.852302349001335e-01;5.896131020646440e-02;1.114436972345056e-01;3.325884183657382e-01,-0.0589613102064644*v**3 - 0.332588418365738*v*(1 - v**2) - 0.111443697234506*v*exp(-Abs(x)) + 0.385230234900134*sin(t),3.105499221277778e-13,3.3392457950411786e-13,1.1944303834881423e-12
phys_osc,PO40,x;t;v,F0*sin(t) - beta*Abs(v(t))**0.333333333333333 - omega0**2*(gamma*Abs(v(t))**0.333333333333333 + 1)*x(t) - omega0**2*x(t)**3 - omega0**2*x(t),F0*sin(t) - beta*Abs(v)**c0 - omega0**c1*(gamma*Abs(v)**c2 + c3)*x - omega0**c4*x**c5 - omega0**c6*x,c0;c1;c2;c3;c4;c5;c6;F0;beta;gamma;omega0,3.333333333333330e-01;2.000000000000000e+00;3.333333333333330e-01;1.000000000000000e+00;2.000000000000000e+00;3.000000000000000e+00;2.000000000000000e+00;5.232871599691358e-01;7.105409442381965e-01;7.806383446302512e-02;-1.841970366195400e+00,-3.39285482994202*x**3 - 3.39285482994202*x*(0.0780638344630251*Abs(v)**0.333333333333333 + 1) - 3.39285482994202*x + 0.523287159969136*sin(t) - 0.710540944238196*Abs(v)**0.333333333333333,3.2135295410840993e-15,2.908584573941659e-15,4.989181075028067e-15
phys_osc,PO41,x;t;v,-mu*(1 - x(t)**2)*v(t) - omega0**2*x(t)*exp(-Abs(x(t))),-mu*(c0 - x**c1)*v - omega0**c2*x*exp(-Abs(x)),c0;c1;c2;mu;omega0,1.000000000000000e+00;2.000000000000000e+00;2.000000000000000e+00;4.931656314999767e-01;-1.080601512597346e+00,-0.493165631499977*v*(1 - x**2) - 1.16769962902767*x*exp(-Abs(x)),1.5558680527060368e-14,1.1287810201632581e-15,6.793237080299322e-07
phys_osc,PO42,x;t;v,F0*sin(t) - alpha*v(t)**3 - beta*sin(x(t))*v(t) - 2*beta*v(t),F0*sin(t) - alpha*v**c0 - beta*sin(x)*v - c1*beta*v,c0;c1;F0;alpha;beta,3.000000000000000e+00;2.000000000000000e+00;3.836705625661562e-01;3.131322308393725e-02;6.577294484504562e-01,-0.0313132230839372*v**3 - 0.657729448450456*v*sin(x) - 1.31545889690091*v + 0.383670562566156*sin(t),1.3146788139018948e-12,1.546569573879174e-12,1.1004382132492363e-11
phys_osc,PO43,x;t;v,F0*sin(t) - beta*sin(x(t))*v(t) - 2*beta*v(t) - mu*(1 - x(t)**2)*v(t) - omega0**2*x(t)*exp(-Abs(x(t))),F0*sin(t) - beta*sin(x)*v - c0*beta*v - mu*(c1 - x**c2)*v - omega0**c3*x*exp(-Abs(x)),c0;c1;c2;c3;F0;beta;mu;omega0,2.000000000000000e+00;1.000000000000000e+00;2.000000000000000e+00;2.000000000000000e+00;2.647138982104698e-01;3.778288376352618e-01;7.480073028086417e-01;-1.967356155377775e+00,-0.748007302808642*v*(1 - x**2) - 0.377828837635262*v*sin(x) - 0.755657675270524*v - 3.87049024210282*x*exp(-Abs(x)) + 0.26471389821047*sin(t),3.0904179731933997e-13,3.8226073487098964e-13,8.076004335738817e-12
