test_case,model,task,SA@1,SA@5,SA@10,SA@50,SA@All,pareto_occam@5,mdl@5,pareto_occam@10,mdl@10,train_nmse,test_nmse,ood_nmse,test_max_rel_error,ood_max_rel_error,test_Acc0.001,test_Acc0.01,test_Acc0.1,ood_Acc0.001,ood_Acc0.01,ood_Acc0.1,both_Acc0.001,both_Acc0.01,both_Acc0.1,source_file,candidate_index,source_status,metric_status,selection_rule,param_names,best_params_json,preview,test_95pctAcc0.001,test_95pctAcc0.01,test_95pctAcc0.1,ood_95pctAcc0.001,ood_95pctAcc0.01,ood_95pctAcc0.1,both_95pctAcc0.001,both_95pctAcc0.01,both_95pctAcc0.1
BPG0,opus-4-6,degen_mutator2,1,1,1,1,1,1,1,1,1,1.5374475657e-13,1.31547217305e-13,1.51811402887e-09,0.0165002495891,0.00733991393226,0,0,1,0,1,1,0,0,1,logs/llm-srbench/degen_mutator2/opus-4-6/BPG0.txt,,1,high_precision_refit_from_existing_params,SA=1: min train_nmse among matching logs,c0;c1;c2;c3;c4;c5;c6;c7,"[-0.0098444706033927,8.987689678596552e-10,0.09485307064335657,1.3764545557566432,0.4769984646638226,0.47699846466382273,0.33333349792815786,0.9539969245450051]",P**2*c0 + P*c1*sin(c2 + c3*t) + P*c4 + P*c5 + P**c6*c7,1,1,1,1,1,1,1,1,1
BPG1,opus-4-6,degen_mutator2,0,1,1,1,1,1,1,1,1,5.18654592585e-15,5.28589439681e-15,1.06233891056e-12,8.74302795052e-07,1.42206789532e-07,1,1,1,1,1,1,1,1,1,logs/llm-srbench/degen_mutator2/opus-4-6/BPG1.txt,,1,high_precision_refit_from_existing_params,SA=0: min train_nmse among all candidates,c0;c1;c2;c3;c4;c5;c6;c7;c8;c9,"[25.656642362795473,-0.054050569350534775,81.29380914535291,0.031973709367510234,-0.0004997808477262696,0.74131765336969,0.2567975726883161,0.001195697378330036,-0.13969518729000038,1.0076965024718418]",P**2*c0*exp(c1*t)/(P*c2 + 1) + P*c3 + c4*log(P*c5 + c6*t + 1) + c7*exp(c8*t**c9),1,1,1,1,1,1,1,1,1
BPG2,opus-4-6,degen_mutator2,0,1,1,1,1,1,1,1,1,6.20950066833e-13,5.08325759705e-13,6.72351285719e-13,0.00140393725031,3.73285543945e-05,0,1,1,1,1,1,0,1,1,logs/llm-srbench/degen_mutator2/opus-4-6/BPG2.txt,,1,high_precision_refit_from_existing_params,SA=0: min train_nmse among all candidates,c0;c1;c2;c3;c4;c5;c6;c7;c8,"[-0.2569297852509329,0.7218439675723539,3.141591969982208,-0.41647591737985723,3.0858856158034217e-06,0.38315171076660126,114916.72565162435,-0.030384309497367513,1.0000999977357238e-06]",P*c0*sin(c1*t + c2) + P**c3*c4*log(P*c5 + 1) + c6*exp(c7*t)*log(P*c8 + 1),1,1,1,1,1,1,1,1,1
BPG3,opus-4-6,degen_mutator2,0,0,0,0,0,0,0,0,0,1.51956150776e-12,1.99414588418e-12,0.116156674515,0.331091103168,0.340000360161,0,0,0,0,0,0,0,0,0,logs/llm-srbench/degen_mutator2/opus-4-6/BPG3.txt,,0,high_precision_refit_from_existing_params,SA=0: min train_nmse among all candidates,c0;c1;c2;c3;c4;c5;c6;c7,"[-8.237959232685276,9.748070681336419,28.02370176708468,0.006599957119463647,4.134732408199773e-08,1.66993409237018,1.576147422986885,5.3441305725663355]",P*c0/(P + c1) + c2*log(P**2*c3 + 1) + c4*exp(c5*sin(c6*t + c7)),0,0,0,0,0,0,0,0,0
BPG4,opus-4-6,degen_mutator2,1,1,1,1,1,1,1,1,1,5.19546474185e-14,5.31351209554e-14,5.63252653218e-07,0.0109845485026,0.00108347452312,0,0,1,0,1,1,0,0,1,logs/llm-srbench/degen_mutator2/opus-4-6/BPG4.txt,,1,high_precision_refit_from_existing_params,SA=1: min train_nmse among matching logs,c0;c1;c2;c3;c4;c5;c6;c7;c8;c9,"[-0.003559046561611732,-0.9689064142399697,-0.08639260766239501,-0.7618717697006909,0.7037374182516596,1.2280851466595797,-2.814679546652409e-08,0.9948457388704853,4.996197648092495,1.601358618138679]",P**2*c0 + P*c1 + P*c2*tanh(P*c3 + c4) + P*c5 + c6*sin(P*c7 + c8 + c9*t),1,1,1,1,1,1,1,1,1
BPG5,opus-4-6,degen_mutator2,0,1,1,1,1,1,1,1,1,1.81891317251e-13,1.5332369459e-13,3.0685123294e-09,0.0369288960241,0.019982140263,0,0,1,0,0,1,0,0,1,logs/llm-srbench/degen_mutator2/opus-4-6/BPG5.txt,,1,high_precision_refit_from_existing_params,SA=0: min train_nmse among all candidates,c0;c1;c2;c3;c4;c5;c6,"[-0.010946715561974601,1.0419665067377186,-0.016216293738637637,0.13279700534899122,-2.1307570737456344e-07,1.664599918903869,4.999976574147241]",P**2*c0 + P*c1 + P*c2/(P + c3) + c4*sin(P*c5 + c6),1,1,1,1,1,1,1,1,1
BPG6,opus-4-6,degen_mutator2,0,0,0,1,1,1,0,1,1,1.66501458764e-15,7.47994158664e-15,4.49482549752e-09,0.00644110464965,0.00728764271152,0,1,1,0,1,1,0,1,1,logs/llm-srbench/degen_mutator2/opus-4-6/BPG6.txt,,1,high_precision_refit_from_existing_params,SA=0: min train_nmse among all candidates,c0;c1;c2;c3;c4;c5;c6;c7,"[0.0001660009340893315,0.8578741723401596,-7.0670706379912644,0.5039218024326524,-0.47179042294398815,0.3169207699361515,0.07035955800840728,0.20941062919283127]",P**(7/3)*c0 + P**(1/3)*c1 + P*c2 + c3 + c4*exp(c5*sin(P**2*c6 + c7)),1,1,1,1,1,1,1,1,1
BPG7,opus-4-6,degen_mutator2,0,0,0,1,1,1,1,1,1,3.76857623772e-13,2.61562182672e-13,5.42107422612e-09,0.0059607483088,0.00464226677656,0,1,1,0,1,1,0,1,1,logs/llm-srbench/degen_mutator2/opus-4-6/BPG7.txt,,1,high_precision_refit_from_existing_params,SA=0: min train_nmse among all candidates,c0;c1;c2;c3;c4;c5;c6,"[0.721355350039544,-0.008011209081256078,0.10845649016257042,-1.9296449225870545e-09,0.19775267501391783,1.0571398137039385,1.6732506984347764]",P**(1/3)*c0 + P**3*c1 + P**2*c2 + c3*exp(P*c4)*sin(c5*t + c6),1,1,1,1,1,1,1,1,1
BPG8,opus-4-6,degen_mutator2,1,1,1,1,1,1,1,1,1,4.83004688948e-13,5.41729733456e-13,6.73707627975e-09,0.0144878948071,0.0449036636605,0,0,1,0,0,1,0,0,1,logs/llm-srbench/degen_mutator2/opus-4-6/BPG8.txt,,1,high_precision_refit_from_existing_params,SA=1: min train_nmse among matching logs,c0;c1;c2;c3;c4;c5;c6,"[0.9909643979857384,-0.025401622680681493,2.917312325462638e-09,0.9775720289928798,0.5068796098137088,0.9909641873366893,0.9909641873366893]",P**(1/3)*c0 + P**2*c1 + P*c2*sin(c3 + c4*t) + P*c5 + P*c6,1,1,1,1,1,1,1,1,1
BPG9,opus-4-6,degen_mutator2,0,0,0,1,1,1,1,1,1,7.95347032092e-13,6.15326530146e-13,3.35300193234e-09,0.0167765321329,0.00517200048552,0,0,1,0,1,1,0,0,1,logs/llm-srbench/degen_mutator2/opus-4-6/BPG9.txt,,1,high_precision_refit_from_existing_params,SA=0: min train_nmse among all candidates,c0;c1;c2;c3;c4,"[-4.984388903964335e-06,-0.015037327058609834,0.060298440348679795,4.228745362420073,0.028027329904658928]",P**4*c0 + P**3*c1 + P**2*c2 + P*c3*log(P*c4 + 1),1,1,1,1,1,1,1,1,1
BPG10,opus-4-6,degen_mutator2,1,1,1,1,1,1,1,1,1,1.78989356109e-15,2.0740006515e-15,4.00499956417e-14,8.87651915999e-08,1.01809410035e-07,1,1,1,1,1,1,1,1,1,logs/llm-srbench/degen_mutator2/opus-4-6/BPG10.txt,,1,high_precision_refit_from_existing_params,SA=1: min train_nmse among matching logs,c0;c1;c2;c3;c4;c5,"[0.10100810064361793,0.3333333263527423,0.10100810101151367,1.0174167569936952,3.6360177865442735e-10,1.6531898485893346]",P*c0 + P**c1*c2 + P**c3*c4*cos(c5*t),1,1,1,1,1,1,1,1,1
BPG11,opus-4-6,degen_mutator2,1,1,1,1,1,1,1,1,1,7.75061259108e-14,8.27138053897e-14,7.59043628917e-09,0.000988373404758,1.18827625344e-05,1,1,1,1,1,1,1,1,1,logs/llm-srbench/degen_mutator2/opus-4-6/BPG11.txt,,1,high_precision_refit_from_existing_params,SA=1: min train_nmse among matching logs,c0;c1;c2;c3;c4;c5;c6;c7;c8,"[0.7124494390959659,-0.010339437365366471,0.7124493673213498,0.7124493670927977,-0.03459335778958419,-6.421874638910356e-08,1.6545733429672072,1.232752087828192,0.762017179801569]",P**(1/3)*c0 + P**2*c1 + P*c2 + P*c3*exp(c4*t) + c5*exp(c6*sin(c7*t + c8)),1,1,1,1,1,1,1,1,1
BPG12,opus-4-6,degen_mutator2,1,1,1,1,1,1,1,1,1,6.88262030731e-13,6.76684699383e-13,1.50741060368e-12,0.000166477950681,0.00054650024995,1,1,1,1,1,1,1,1,1,logs/llm-srbench/degen_mutator2/opus-4-6/BPG12.txt,,1,high_precision_refit_from_existing_params,SA=1: min train_nmse among matching logs,c0;c1;c2;c3;c4;c5,"[-0.010666881484558062,0.8770002971474016,6.637805147936514e-09,0.5671736061799768,0.35069579431640185,0.3506957238123651]",P**2*c0 + P*c1*sin(c2 + c3*t) + P*c4 + P*c5,1,1,1,1,1,1,1,1,1
BPG13,opus-4-6,degen_mutator2,0,0,1,1,1,1,1,1,1,6.56328821874e-13,6.47556235263e-13,1.5929196629e-08,0.0154743865217,0.0257027680226,0,0,1,0,0,1,0,0,1,logs/llm-srbench/degen_mutator2/opus-4-6/BPG13.txt,,1,high_precision_refit_from_existing_params,SA=0: min train_nmse among all candidates,c0;c1;c2;c3;c4;c5;c6;c7;c8,"[-0.003486229373192822,0.05532345466256395,0.10053869105140469,-0.10053521656288977,-2.8182928437347794,1.7873295623550116,-2.5755279680615634e-09,1.6471636414063282,4.21903726979469]",P**3*c0 + P**2*c1 + P*c2 + P*c3*tanh(P*c4 + c5) + P*c6*sin(c7*t + c8),1,1,1,1,1,1,1,1,1
BPG14,opus-4-6,degen_mutator2,1,1,1,1,1,1,1,1,1,4.05884503385e-14,3.60963395359e-14,1.55089810289e-08,0.000486172664196,2.60995230022e-05,1,1,1,1,1,1,1,1,1,logs/llm-srbench/degen_mutator2/opus-4-6/BPG14.txt,,1,high_precision_refit_from_existing_params,SA=1: min train_nmse among matching logs,c0;c1;c2;c3;c4;c5;c6;c7;c8,"[-0.002806985849598279,0.22847799857481432,0.11423871854805756,-0.08368355662910529,-0.11423893825521853,-0.08368362231064644,-9.507232969780197e-09,2.0505873809888677,2.3501856848115692e-07]",P**2*c0 + P*c1 + P*c2*exp(c3*t) + P*c4*exp(P*c5) + P*c6*exp(c7/P) + c8,1,1,1,1,1,1,1,1,1
BPG15,opus-4-6,degen_mutator2,1,1,1,1,1,1,1,1,1,2.12851437849e-14,2.09223796975e-14,9.46337405676e-13,1.98914645243e-07,1.19779251504e-07,1,1,1,1,1,1,1,1,1,logs/llm-srbench/degen_mutator2/opus-4-6/BPG15.txt,,1,high_precision_refit_from_existing_params,SA=1: min train_nmse among matching logs,c0;c1;c2;c3;c4;c5;c6;c7,"[6.323399436862189e-15,-1.0618515364777504e-07,1.0615744801891276e-07,0.4866911247278994,-0.08577402825581924,2.142271759549448e-08,0.3333333323513411,0.48669110538642546]",P**3*c0 + P**2*c1 + P**2*c2 + P*c3*exp(c4*t) + P*c5 + P**c6*c7,1,1,1,1,1,1,1,1,1
BPG16,opus-4-6,degen_mutator2,1,1,1,1,1,1,1,1,1,1.77280280124e-12,2.8440657181e-12,4.70826559791e-09,0.0397041930833,0.0160142672039,0,0,1,0,0,1,0,0,1,logs/llm-srbench/degen_mutator2/opus-4-6/BPG16.txt,,1,high_precision_refit_from_existing_params,SA=1: min train_nmse among matching logs,c0;c1;c2;c3;c4;c5,"[0.8677806673956776,-0.010098441488256907,0.10116396806410737,0.10325866569617285,9.26278326569046e-09,-0.06185301598831608]",P**(1/3)*c0 + P**3*c1 + P**2*c2 + P**2*c3 + P*c4*exp(c5*t),1,1,1,1,1,1,1,1,1
BPG17,opus-4-6,degen_mutator2,0,1,1,1,1,1,1,1,1,5.8570817066e-14,5.87541996238e-14,8.97470767596e-07,0.000840962587335,0.000365691688701,1,1,1,1,1,1,1,1,1,logs/llm-srbench/degen_mutator2/opus-4-6/BPG17.txt,,1,high_precision_refit_from_existing_params,SA=0: min train_nmse among all candidates,c0;c1;c2;c3;c4;c5;c6,"[0.5926991117276639,0.853839519827193,7.776493038609665,-0.07033335319363242,-7.563756500764415,1.9999992882515847,-0.011395785742557122]",P*c0*log(1 + c1/P) + c2*exp(P*c3) + c4*exp(P**c5*c6),1,1,1,1,1,1,1,1,1
BPG18,opus-4-6,degen_mutator2,0,1,1,1,1,1,1,1,1,1.04244905626e-12,1.14474755538e-12,1.76220726305e-12,0.000313803081415,0.00126203028595,1,1,1,0,1,1,0,1,1,logs/llm-srbench/degen_mutator2/opus-4-6/BPG18.txt,,1,high_precision_refit_from_existing_params,SA=0: min train_nmse among all candidates,c0;c1;c2;c3;c4;c5;c6;c7,"[-0.47705284405394494,0.7760602430679698,3.1415929676392076,-6300200.871011827,4.0221610733097755e-05,8912493.651941324,2.8532434214577875e-05,6300200.871003965]",P*c0*sin(c1*t + c2) + c3*exp(P*c4) + c5*log(P*c6 + 1) + c7,1,1,1,1,1,1,1,1,1
BPG19,opus-4-6,degen_mutator2,1,1,1,1,1,1,1,1,1,8.92762944733e-14,9.59980394741e-14,1.1542145885e-08,0.00374212377687,0.0336652948182,0,1,1,0,0,1,0,0,1,logs/llm-srbench/degen_mutator2/opus-4-6/BPG19.txt,,1,high_precision_refit_from_existing_params,SA=1: min train_nmse among matching logs,c0;c1;c2;c3;c4;c5;c6;c7,"[-0.004982234362673955,0.21028354071567315,-8.675866245585106e-10,4.781300280522973,1.7930191560564983,0.4205670864491865,-2.594538291972902,0.2102835407157629]",P**2*c0 + P*c1 + P*c2*sin(c3 + c4*t) + P*c5*t**c6 + P*c7,1,1,1,0,1,1,0,1,1
BPG20,opus-4-6,degen_mutator2,0,0,0,0,0,0,0,0,0,5.73011856826e-13,6.30780597092e-13,3.44635037179e-09,0.0122333243802,0.032666312878,0,0,1,0,0,1,0,0,1,logs/llm-srbench/degen_mutator2/opus-4-6/BPG20.txt,,0,high_precision_refit_from_existing_params,SA=0: min train_nmse among all candidates,c0;c1;c2;c3;c4;c5;c6;c7;c8;c9,"[0.44076422503650203,-0.30205796587003686,-0.028564083837753333,-0.50876765897639,1.45390146609458,-4.61961647083644,-3.512959267803932e-05,1.7198522489001329,9.974825720188511e-05,0.7037843335401469]",P*c0 + P*c1*(P*c2 + 1)**2 + c3*exp(P**c4*c5) + c6*cos(c7*t)/P**5 + c8*cos(c9*t)/P**5,1,1,1,1,1,1,1,1,1
BPG21,opus-4-6,degen_mutator2,0,1,1,1,1,1,1,1,1,2.63570378175e-15,2.6590353127e-15,2.2776842528e-14,1.51340146459e-06,1.01182640785e-07,1,1,1,1,1,1,1,1,1,logs/llm-srbench/degen_mutator2/opus-4-6/BPG21.txt,,1,high_precision_refit_from_existing_params,SA=0: min train_nmse among all candidates,c0;c1;c2;c3;c4;c5;c6;c7;c8,"[0.032772299028846714,-0.14042016832674392,1.0000068466621803,0.14042016466102428,-4.532123490588836,3.0000199592102135,0.00044815604683912926,1.0003999956518828e-06,4.219100055259635]",P**2*c0 + P*c1 + P**c2*c3*t**c4 + P**c5*c6*sin(c7*t + c8),1,1,1,1,1,1,1,1,1
BPG22,opus-4-6,degen_mutator2,1,1,1,1,1,1,1,1,1,1.86548889828e-15,1.84313801695e-15,2.72472275119e-14,1.57979923516e-07,1.11060674245e-07,1,1,1,1,1,1,1,1,1,logs/llm-srbench/degen_mutator2/opus-4-6/BPG22.txt,,1,high_precision_refit_from_existing_params,SA=1: min train_nmse among matching logs,c0;c1;c2;c3;c4;c5;c6,"[-0.11781609130814304,-0.02722849283943941,0.11781611494452111,0.117816080501381,-0.027228504509056173,6.867453843755877e-10,1.4985563261829398]",P*c0*exp(P*c1) + P*c2 + P*c3*exp(c4*t) + P*c5*cos(c6*t),1,1,1,1,1,1,1,1,1
BPG23,opus-4-6,degen_mutator2,0,1,1,1,1,1,1,1,1,4.13954711096e-13,6.51495978149e-13,1.13032399092e-08,0.0686173880046,0.0373104544036,0,0,1,0,0,1,0,0,1,logs/llm-srbench/degen_mutator2/opus-4-6/BPG23.txt,,1,high_precision_refit_from_existing_params,SA=0: min train_nmse among all candidates,c0;c1;c2;c3;c4;c5;c6;c7;c8;c9,"[-0.018155829696978504,1.1960843618191819,-1.2882661322203157e-07,4.000000205143338,0.6990892861916136,4.739822532965455,-570929.979892504,-0.07682776618231049,1.0474877328020747e-06,1.3477627306932966e-13]",P**2*c0 + P*c1 + c2*sin(P**c3*c4 + c5) + c6*exp(P*c7)*sin(P*c8 + c9),1,1,1,1,1,1,1,1,1
BPG_all,opus-4-6,degen_mutator2,11/24,18/24,19/24,22/24,22/24,22/24,21/24,22/24,22/24,1.6781803691e-13,1.42435455947e-13,3.97058793465e-09,0.00485143604284,0.00295214853125,10/24,14/24,23/24,10/24,16/24,23/24,9/24,13/24,23/24,,,,aggregate row; no single NMSE,combined aggregate row,,[],,23/24,23/24,23/24,22/24,23/24,23/24,22/24,23/24,23/24
CRK0,opus-4-6,degen_mutator2,0,0,1,1,1,0,0,0,0,2.79100638715e-12,1.98850203424e-12,1.026445363e-08,0.0227622092286,0.000297612846055,0,0,1,1,1,1,0,0,1,logs/llm-srbench/degen_mutator2/opus-4-6/CRK0.txt,,?,high_precision_refit_from_existing_params,SA=0: min train_nmse among all candidates,c0;c1;c2;c3;c4;c5,"[0.330060632079552,-0.1821313142045507,0.006763525356137379,5.451508515710455,-0.008321942700093364,2.3218394303228127]",A*c0 + c1*log(c2*exp(A*c3) + 1) + c4*exp(A*c5)/A**2,1,1,1,1,1,1,1,1,1
CRK1,opus-4-6,degen_mutator2,0,0,0,1,1,0,0,0,1,2.70394864362e-13,2.27964540221e-13,1.02674593046e-08,0.0385687499715,0.00570472412843,0,0,1,0,1,1,0,0,1,logs/llm-srbench/degen_mutator2/opus-4-6/CRK1.txt,,1,high_precision_refit_from_existing_params,SA=0: min train_nmse among all candidates,c0;c1;c2;c3;c4;c5;c6;c7,"[-16.409824682112134,34.89150519251028,13.672113833819227,-0.7362974422577575,-337.9301332401868,0.19914009999833537,0.385720130934412,2.999599802562757]",A*c0 + c1 + c2*exp(A*c3) + c4*sin(c5*log(A*c6 + 1) + c7),1,1,1,1,1,1,1,1,1
CRK2,opus-4-6,degen_mutator2,0,1,1,1,1,0,0,0,0,4.46045090072e-11,4.98717567798e-11,1.59229686943e-08,0.00555073395581,0.000413635034519,0,1,1,1,1,1,0,1,1,logs/llm-srbench/degen_mutator2/opus-4-6/CRK2.txt,,1,high_precision_refit_from_existing_params,SA=0: min train_nmse among all candidates,c0;c1;c2;c3;c4,"[-0.6514926010378236,0.49735265942707685,0.21254405827500927,0.0073730571057548395,4.9359912981918965]",A**2*c0 + A*c1 + c2*log(c3*exp(A*c4) + 1),1,1,1,1,1,1,1,1,1
CRK3,opus-4-6,degen_mutator2,0,0,0,1,1,0,0,0,1,3.52687454451e-13,3.51551676931e-13,2.52381473801e-09,2.70713201435e-05,3.85884648006e-05,1,1,1,1,1,1,1,1,1,logs/llm-srbench/degen_mutator2/opus-4-6/CRK3.txt,,1,high_precision_refit_from_existing_params,SA=0: min train_nmse among all candidates,c0;c1;c2;c3;c4;c5;c6;c7,"[-0.5127154210745847,-0.5475232735520491,-0.03707906428512572,-0.38096710675611906,0.34645100183123095,0.8630050419118848,0.7024484437608121,4.6917546523633405e-09]",A**2*c0 + A*c1*exp(c2*t) + A*c3 + A*c4/(A + c5) + c6 + c7*t,1,1,1,1,1,1,1,1,1
CRK4,opus-4-6,degen_mutator2,1,1,1,1,1,1,1,1,1,2.81927296424e-14,2.13517678677e-14,1.78360506887e-10,4.62050655899e-06,1.09848546788e-06,1,1,1,1,1,1,1,1,1,logs/llm-srbench/degen_mutator2/opus-4-6/CRK4.txt,,1,high_precision_refit_from_existing_params,SA=1: min train_nmse among matching logs,c0;c1;c2,"[-0.11492904579718051,0.06806555105002514,0.25692978536763283]",A**2*c0 + A*c1*log(c2*t + 1),1,1,1,1,1,1,1,1,1
CRK5,opus-4-6,degen_mutator2,0,1,1,1,1,1,1,1,1,2.27607044003e-14,2.33924076727e-14,3.35069101495e-12,8.73339835518e-08,1.09305257305e-07,1,1,1,1,1,1,1,1,1,logs/llm-srbench/degen_mutator2/opus-4-6/CRK5.txt,,1,high_precision_refit_from_existing_params,SA=0: min train_nmse among all candidates,c0;c1;c2;c3;c4;c5;c6;c7,"[0.5000053377071263,-0.32544485007619894,-12284.9966416874,5.0691384204495e-06,0.25256897511790527,12284.996640157136,0.3333366916841525,4.256969274734192e-05]",A**c0*c1 + c2 + c3*log(A*c4 + 1) + c5*exp(A**c6*c7),1,1,1,1,1,1,1,1,1
CRK6,opus-4-6,degen_mutator2,1,1,1,1,1,1,1,1,1,4.24197836925e-07,4.96287555861e-07,0.00476837043512,0.00333926668649,0.0163987190594,0,1,1,0,0,1,0,0,1,logs/llm-srbench/degen_mutator2/opus-4-6/CRK6.txt,,1,high_precision_refit_from_existing_params,SA=1: min train_nmse among matching logs,c0;c1;c2;c3;c4;c5;c6;c7;c8;c9,"[0.00305114121359192,-0.024497041969041993,-113.9977236799188,-0.8410544601985501,1.0438945922567517,3.1037799510176356,-118.96235452672659,0.011744373991933116,-0.08789616031394792,4.999999999230414]",A*c0*exp(c1*t) + c2 + c3*sin(sqrt(A)*c4 + c5) + c6*sin(A*c7*exp(c8*t) + c9),0,1,1,0,0,1,0,0,1
CRK7,opus-4-6,degen_mutator2,1,1,1,1,1,1,1,1,1,1.24376405919e-12,1.38281002427e-12,6.39396507286e-11,5.84586752442e-06,1.83570386244e-06,1,1,1,1,1,1,1,1,1,logs/llm-srbench/degen_mutator2/opus-4-6/CRK7.txt,,1,high_precision_refit_from_existing_params,SA=1: min train_nmse among matching logs,c0;c1;c2;c3;c4;c5;c6;c7;c8,"[-0.7317701099947002,-0.0816213487045594,-1.6280556500756982e-05,0.8403562746648335,0.9999903877243752,1.0000062203100397,3.869320196742349e-05,0.00012608266128522237,0.05751985118405615]",A*c0*exp(c1*t) + c2 + c3*cos(c4*log(A*c5 + 1)) + c6*exp(c7*t)*log(A*c8 + 1),1,1,1,1,1,1,1,1,1
CRK8,opus-4-6,degen_mutator2,1,1,1,1,1,1,1,1,1,4.25489209748e-13,3.26962059702e-13,0.678288456534,0.268484446662,0.138769103055,0,0,0,0,0,0,0,0,0,logs/llm-srbench/degen_mutator2/opus-4-6/CRK8.txt,,1,high_precision_refit_from_existing_params,SA=1: min train_nmse among matching logs,c0;c1;c2;c3;c4;c5;c6;c7,"[-0.6789625826658692,-0.6789379089350024,2.4179821730675943e-08,-1.396835911759549e-07,-0.16402604445676672,1.0000461060237638,1.0000895227502153,3.1415935051865156]",A**2*c0 + A*c1 + A**c2*c3 + c4*sin(c5*log(A*c6 + 1) + c7),0,0,0,0,0,0,0,0,0
CRK9,opus-4-6,degen_mutator2,0,1,1,1,1,1,1,1,1,1.34247671726e-13,1.38158459318e-13,2.77374999436e-08,0.0269696540656,0.0351521656228,0,0,1,0,0,1,0,0,1,logs/llm-srbench/degen_mutator2/opus-4-6/CRK9.txt,,1,high_precision_refit_from_existing_params,SA=0: min train_nmse among all candidates,c0;c1;c2;c3;c4;c5;c6;c7,"[0.030139209117303747,-1.000007674854765,21.839849664231977,0.2769687949475548,1.1292480911547023,0.5370353331754802,1.1050472850283302,-5.1827840093787065]",A*c0 + A**c1*c2*log(A*c3 + 1) + A**c4*c5/(A**c4 + c6) + c7,1,1,1,1,1,1,1,1,1
CRK10,opus-4-6,degen_mutator2,0,1,1,1,1,1,1,1,1,1.7358913566e-13,2.05534078057e-13,2.19127517006e-08,0.0257676651891,0.000410712191968,0,0,1,1,1,1,0,0,1,logs/llm-srbench/degen_mutator2/opus-4-6/CRK10.txt,,1,high_precision_refit_from_existing_params,SA=0: min train_nmse among all candidates,c0;c1;c2;c3;c4;c5,"[-0.12009272138173893,-0.16401595552346568,-0.2909554637803641,0.02788270557215026,1.19112898701285,0.877054971437523]",A**0.5*c0 + A**2*c1 + A*c2 + c3 + c4*log(A*c5 + 1),1,1,1,1,1,1,1,1,1
CRK11,opus-4-6,degen_mutator2,0,0,0,0,0,0,0,0,0,3.39772069374e-13,4.92773695068e-13,5.01022221062e-09,0.0110760997596,0.0133382590011,0,0,1,0,0,1,0,0,1,logs/llm-srbench/degen_mutator2/opus-4-6/CRK11.txt,,0,high_precision_refit_from_existing_params,SA=0: min train_nmse among all candidates,c0;c1;c2;c3;c4;c5;c6,"[-0.902266231394103,-2.9198798093842404,-2.8659091740758577e-10,0.8795589340121358,0.1306707723663201,1.8458788375175357,-1.5457559075965]",A**2*c0 + A**c1*c2*cos(c3*t) + c4 + c5*exp(c6/A**(1/3)),1,1,1,1,1,1,1,1,1
CRK12,opus-4-6,degen_mutator2,1,1,1,1,1,1,1,1,1,1.28000185446e-13,1.02830407928e-13,3.24743728196e-12,2.65052542017e-07,1.69386362602e-07,1,1,1,1,1,1,1,1,1,logs/llm-srbench/degen_mutator2/opus-4-6/CRK12.txt,,1,high_precision_refit_from_existing_params,SA=1: min train_nmse among matching logs,c0;c1;c2;c3;c4;c5;c6;c7;c8;c9,"[-0.4536905384746416,-0.08462477598101611,9.09141019108242e-08,-0.7535087339151553,1.0000001238574454,0.9999997726515542,3.141592612668779,-2.2028101647355245e-10,1.5895458218180247,1.4006252889761748]",A*c0*exp(c1*t) + c2 + c3*sin(c4*log(A*c5 + 1) + c6) + c7*log(c8*t + 1)*cos(A*c9),1,1,1,1,1,1,1,1,1
CRK13,opus-4-6,degen_mutator2,1,1,1,1,1,1,1,1,1,7.26534511633e-15,7.07356403272e-15,6.27828423025e-13,1.09771054934e-07,1.0619506529e-07,1,1,1,1,1,1,1,1,1,logs/llm-srbench/degen_mutator2/opus-4-6/CRK13.txt,,1,high_precision_refit_from_existing_params,SA=1: min train_nmse among matching logs,c0;c1;c2;c3;c4;c5;c6,"[1.0000003257266015,-0.23228618706456283,-0.010124365753655227,0.006201894900492243,0.39582543165155915,0.5265897276188661,-2.4675805808555486e-08]",A**c0*c1 + c2*log(A*c3 + 1) + c4*sin(A*c5 + c6),1,1,1,1,1,1,1,1,1
CRK14,opus-4-6,degen_mutator2,0,0,0,0,0,0,0,0,0,6.91511939732e-14,6.86575178548e-14,1.434582329e-10,0.000100338787799,8.48556145191e-06,1,1,1,1,1,1,1,1,1,logs/llm-srbench/degen_mutator2/opus-4-6/CRK14.txt,,0,high_precision_refit_from_existing_params,SA=0: min train_nmse among all candidates,c0;c1;c2;c3;c4;c5;c6;c7;c8;c9,"[0.19328066720447368,1.4569164790304134,-0.1286242072677593,-0.059384403549195,0.5235861356107807,-0.1298880290868691,3.3799790836588586,-11.98779975310307,0.3259802296634091,0.41619249471755587]",A**2*c0 + A*c1 + A*c2*exp(c3*t) + A**c4*c5 + c6 + c7*log(c8*exp(A*c9) + 1),1,1,1,1,1,1,1,1,1
CRK15,opus-4-6,degen_mutator2,0,1,1,1,1,1,1,1,1,7.9383431205e-11,7.16183410791e-11,1.77249948032e-07,2.06762323055e-05,3.37173078305e-05,1,1,1,1,1,1,1,1,1,logs/llm-srbench/degen_mutator2/opus-4-6/CRK15.txt,,1,high_precision_refit_from_existing_params,SA=0: min train_nmse among all candidates,c0;c1;c2;c3;c4;c5;c6;c7;c8;c9,"[-0.015299545759143126,-0.11995206001187003,-0.06876952364788654,-0.7201546803932163,1.0734293047915446,0.9849201514259268,3.102943035305284,-4.792388778600351,0.4884053646920118,0.004836265836474778]",A*c0 + A*c1*exp(c2*t) + c3*sin(c4*log(A*c5 + 1) + c6) + c7*log(A**c8*c9 + 1),1,1,1,1,1,1,1,1,1
CRK16,opus-4-6,degen_mutator2,1,1,1,1,1,1,1,1,1,1.11060328615e-14,1.18348509813e-14,2.84943892396e-07,0.000141964570694,0.000210322261788,1,1,1,1,1,1,1,1,1,logs/llm-srbench/degen_mutator2/opus-4-6/CRK16.txt,,1,high_precision_refit_from_existing_params,SA=1: min train_nmse among matching logs,c0;c1;c2;c3;c4,"[0.9709294497916531,-0.24581249015754558,-4.250748222224952e-10,2.5893105018033915,1.040202245210067]",A**(1/3)*c0 + A*c1 + c2*log(A*c3 + 1)*cos(c4*t),1,1,1,1,1,1,1,1,1
CRK17,opus-4-6,degen_mutator2,1,1,1,1,1,1,1,1,1,4.09511928075e-15,4.16009225926e-15,5.65848751827e-13,9.44658901158e-07,7.29119755033e-08,1,1,1,1,1,1,1,1,1,logs/llm-srbench/degen_mutator2/opus-4-6/CRK17.txt,,1,high_precision_refit_from_existing_params,SA=1: min train_nmse among matching logs,c0;c1;c2;c3;c4;c5,"[0.20847032128218584,2.568355936960815e-10,1.1263868322450281,1.3335400698757789,-0.6750544487250937,-0.07831322607031974]",A**(1/3)*c0 + A**(1/3)*c1*sin(c2*t + c3) + A*c4*exp(c5*t),1,1,1,1,1,1,1,1,1
CRK18,opus-4-6,degen_mutator2,1,1,1,1,1,1,1,1,1,4.28956068099e-15,2.8431598834e-15,2.33546053632e-09,9.83407676058e-06,1.966802201e-05,1,1,1,1,1,1,1,1,1,logs/llm-srbench/degen_mutator2/opus-4-6/CRK18.txt,,1,high_precision_refit_from_existing_params,SA=1: min train_nmse among matching logs,c0;c1;c2;c3,"[-0.5637231588546161,-0.13137878928120764,0.761690634660226,3.1415926434375963]",A**2*c0 + c1*sin(A*c2 + c3),1,1,1,1,1,1,1,1,1
CRK19,opus-4-6,degen_mutator2,0,0,0,1,1,0,0,0,0,1.66290163439e-12,1.49456048278e-12,3.03102424843e-08,6.21967231398e-06,1.90312188952e-05,1,1,1,1,1,1,1,1,1,logs/llm-srbench/degen_mutator2/opus-4-6/CRK19.txt,,1,high_precision_refit_from_existing_params,SA=0: min train_nmse among all candidates,c0;c1;c2;c3;c4;c5;c6;c7;c8,"[-2.2672663276435556,-0.16488868711900212,-0.012764291748626096,3.9930266659244755,-0.0019253357061179085,-7.602275068022337e-05,0.002800929084318016,9.074979991244595,0.3168752658710632]",A*c0 + A*c1*exp(c2*t) + A**c3*c4*exp(c5*t) + c6 + c7*log(A*c8 + 1),1,1,1,1,1,1,1,1,1
CRK20,opus-4-6,degen_mutator2,1,1,1,1,1,1,1,1,1,3.25188194214e-13,3.26261297813e-13,1.3013363282e-08,1.32762526085e-05,1.96826241548e-05,1,1,1,1,1,1,1,1,1,logs/llm-srbench/degen_mutator2/opus-4-6/CRK20.txt,,1,high_precision_refit_from_existing_params,SA=1: min train_nmse among matching logs,c0;c1;c2;c3;c4;c5,"[-0.312212870235033,-0.07984001702380199,0.47172805962245645,0.8721876148254653,1.4468622669684334e-08,-1.4721100007976377e-08]",A*c0*exp(c1*t) + c2*sin(A*c3 + c4) + c5,1,1,1,1,1,1,1,1,1
CRK21,opus-4-6,degen_mutator2,1,1,1,1,1,1,1,1,1,1.37032940845e-15,1.43503631341e-15,6.87872178266e-15,6.10700786928e-05,9.52668776702e-08,1,1,1,1,1,1,1,1,1,logs/llm-srbench/degen_mutator2/opus-4-6/CRK21.txt,,1,high_precision_refit_from_existing_params,SA=1: min train_nmse among matching logs,c0;c1;c2;c3;c4;c5;c6;c7;c8;c9,"[-0.06321629662070205,0.43810252891894247,-0.7167195975804723,0.653102317836431,-0.08901020976500056,0.08820121561213638,-0.9112379512591808,5.472762098595043e-07,-0.03997713906508035,1.8967625297874147]",A*c0*log(c1*t + 1)/(c2 + t) + A*c3*exp(c4*t)/(c2 + t) + A*c5*t*log(c1*t + 1)/(c2 + t) + A*c6*t*exp(c4*t)/(c2 + t) + A*c7*exp(c8*t)/(A + c9),1,1,1,1,1,1,1,1,1
CRK22,opus-4-6,degen_mutator2,0,0,0,0,0,0,0,0,0,1.09128304154e-11,1.45695452499e-11,3.23261004887e-05,0.000489543523316,0.00102096569998,1,1,1,0,1,1,0,1,1,logs/llm-srbench/degen_mutator2/opus-4-6/CRK22.txt,,0,high_precision_refit_from_existing_params,SA=0: min train_nmse among all candidates,c0;c1;c2;c3;c4;c5;c6;c7;c8;c9,"[-0.09026518473187697,3.517351256213276,0.34792812105443016,-1.0076660659646726,-0.10575075868117659,4.722006315512773,0.8305638378168765,0.742083042567421,-0.2092828141926342,-0.06537006443273766]",A**5*c0*cos(A*c1) + A**4*c2 + A**2*c3 + A**2*c4*cos(A*c5) + A**2*c6/(A**2 + c7) + A*c8*exp(c9*t),1,1,1,1,1,1,1,1,1
CRK23,opus-4-6,degen_mutator2,0,0,0,1,1,1,1,1,1,8.15551653301e-14,7.83335848126e-14,2.8708902099e-08,0.0100875765469,0.000429467354255,0,0,1,1,1,1,0,0,1,logs/llm-srbench/degen_mutator2/opus-4-6/CRK23.txt,,1,high_precision_refit_from_existing_params,SA=0: min train_nmse among all candidates,c0;c1;c2;c3;c4;c5;c6;c7;c8;c9,"[-0.004671843081462771,-0.01024332825016574,-2.7986531313474745e-09,-0.11834898804062895,-0.5014281856008748,0.8480923402193277,3.157802747462182,-0.20803661730387665,0.5529951628121009,0.008297429045763291]",A**2*c0 + A*c1 + A*c2*exp(c3*t) + c4*sin(A*c5 + c6) + c7*sin(A*c8 + c9)/sqrt(A),1,1,1,1,1,1,1,1,1
CRK24,opus-4-6,degen_mutator2,0,0,1,1,1,0,0,1,0,3.16300908106e-13,1.78111999866e-13,5.69231675602e-09,0.0091526567841,0.000439873813678,0,1,1,1,1,1,0,1,1,logs/llm-srbench/degen_mutator2/opus-4-6/CRK24.txt,,1,high_precision_refit_from_existing_params,SA=0: min train_nmse among all candidates,c0;c1;c2;c3;c4;c5;c6;c7,"[-0.3031056230447299,0.3674575244553716,4.000505761229082,0.0013862350964923146,0.18799994354762534,0.22674548046670842,1.8937623570839373,1.8443081380966337]",A**2*c0 + A*c1 + A**c2*c3 + c4*exp(c5*sin(A*c6 + c7)),1,1,1,1,1,1,1,1,1
CRK25,opus-4-6,degen_mutator2,1,1,1,1,1,1,1,1,1,2.85599744905e-14,2.79287902194e-14,4.23565661216e-08,5.27431996053e-05,0.000103943097564,1,1,1,1,1,1,1,1,1,logs/llm-srbench/degen_mutator2/opus-4-6/CRK25.txt,,1,high_precision_refit_from_existing_params,SA=1: min train_nmse among matching logs,c0;c1;c2;c3;c4,"[-0.157277149492004,-0.4911376219579682,0.9999971743736993,1.0000020886159702,3.141592314365298]",A*c0 + c1*sin(c2*log(A*c3 + 1) + c4),1,1,1,1,1,1,1,1,1
CRK26,opus-4-6,degen_mutator2,0,0,0,0,0,0,0,0,0,3.95927947274e-15,3.58700823677e-15,1.18610397243e-09,4.89495402942e-06,9.02378917594e-06,1,1,1,1,1,1,1,1,1,logs/llm-srbench/degen_mutator2/opus-4-6/CRK26.txt,,0,high_precision_refit_from_existing_params,SA=0: min train_nmse among all candidates,c0;c1;c2;c3;c4;c5;c6;c7;c8;c9,"[0.13673358511815525,-0.15757597548086913,-0.333602664366049,3.3420922599176363e-07,-0.04276842655629078,-0.33235607874621254,-0.07071466253046814,0.9414615954456815,-0.0006650354576873866,-2.4694051918674856e-05]",sqrt(A)*c0*exp(A*c1) + A**2*c2 + A**2*c3*exp(c4*t) + A*c5*exp(c6*t) + A**c7*c8 + c9,1,1,1,1,1,1,1,1,1
CRK27,opus-4-6,degen_mutator2,1,1,1,1,1,1,1,1,1,3.14485498406e-14,3.68153074159e-14,3.5868357701e-09,1.92186030946e-05,3.01239000319e-05,1,1,1,1,1,1,1,1,1,logs/llm-srbench/degen_mutator2/opus-4-6/CRK27.txt,,1,high_precision_refit_from_existing_params,SA=1: min train_nmse among matching logs,c0;c1;c2;c3;c4;c5;c6;c7;c8,"[0.23318302345298053,-0.3115341025480776,1.938636025803126e-06,-0.31153341961197545,-0.08476196179304929,1.3571936359168236e-06,-3.459924402787214e-08,4.379878563210655,-0.10056200142254894]",A**(1/3)*c0 + A**2*c1 + A*c2 + A*c3*exp(c4*t) + c5 + c6*log(c7*exp(c8*t) + 1),1,1,1,1,1,1,1,1,1
CRK28,opus-4-6,degen_mutator2,0,0,0,0,0,0,0,0,0,4.91968457409e-08,5.21762476379e-08,0.00426781323026,8.81348226585e-05,0.00122478223057,1,1,1,0,1,1,0,1,1,logs/llm-srbench/degen_mutator2/opus-4-6/CRK28.txt,,0,high_precision_refit_from_existing_params,SA=0: min train_nmse among all candidates,c0;c1;c2;c3;c4;c5;c6;c7;c8;c9,"[0.6534046974455023,-0.09614477452813347,-0.36640382091544077,3.7963852940371643,-0.16063106049172932,-0.17467774126564745,0.419460265307293,0.33007399523835224,0.18574346163920938,-0.036526278729211534]",A*c0*exp(c1*t) + A*c2 + A**c3*c4*exp(c5*t) + A**c6*c7*log(c8*t + 1) + c9,1,1,1,0,1,1,0,1,1
CRK29,opus-4-6,degen_mutator2,0,0,0,0,0,0,0,0,0,3.23467813425e-12,3.3726013728e-12,6.86623283522e-08,7.68695869696e-05,7.84964413431e-05,1,1,1,1,1,1,1,1,1,logs/llm-srbench/degen_mutator2/opus-4-6/CRK29.txt,,0,high_precision_refit_from_existing_params,SA=0: min train_nmse among all candidates,c0;c1;c2;c3;c4;c5;c6;c7;c8;c9,"[-9.329582950706463,-0.6013861283713751,6.991088744693452,-0.10129333266044376,-0.07564844966157261,3.03624023710307,0.3295567665391769,-0.730909775446145,0.021017563972315953,4.824395919239566]",sqrt(A)*c0 + A**2*c1 + A*c2 + A*c3*exp(c4*t) + c5*exp(A*c6) + c7*log(c8*exp(A*c9) + 1),1,1,1,1,1,1,1,1,1
CRK30,opus-4-6,degen_mutator2,0,0,0,1,1,1,1,1,1,3.00174927503e-10,3.19072925313e-10,6.79687815558e-05,4.62940891537e-05,0.000237139540123,1,1,1,1,1,1,1,1,1,logs/llm-srbench/degen_mutator2/opus-4-6/CRK30.txt,,1,high_precision_refit_from_existing_params,SA=0: min train_nmse among all candidates,c0;c1;c2;c3;c4;c5;c6;c7;c8;c9,"[-0.006621438326616231,-0.20865513088952525,-0.25671694193169636,-0.02055600104138286,13.039910009956516,3.844037833845685,0.08083151463631363,0.6719107061236815,0.028311052789370187,-0.6481784587659031]",A**2*c0 + A*c1 + A*c2*exp(c3*t) + A*c4/(A + c5)**2 + A**c6*c7/(A**c6 + c8) + c9,1,1,1,1,1,1,1,1,1
CRK31,opus-4-6,degen_mutator2,0,1,1,1,1,1,1,1,1,6.84451542792e-15,3.82786334638e-15,4.17805155425e-09,0.0100415989968,0.00844484477404,0,0,1,0,1,1,0,0,1,logs/llm-srbench/degen_mutator2/opus-4-6/CRK31.txt,,1,high_precision_refit_from_existing_params,SA=0: min train_nmse among all candidates,c0;c1;c2;c3;c4;c5;c6;c7,"[-0.5980324455630781,-0.5980370580572842,0.30663808862775555,0.9999912087578944,0.9999963209970809,1.365853667253622e-09,2.065091247519871,0.708533122010292]",sqrt(A)*c0 + A*c1 + c2*cos(c3*log(A*c4 + 1)) + c5*log(A*c6 + 1)*cos(c7*t),1,1,1,1,1,1,1,1,1
CRK32,opus-4-6,degen_mutator2,1,1,1,1,1,1,1,1,1,3.42247765109e-13,3.46636337105e-13,4.32162237048e-10,1.49413242303e-05,3.34953006777e-06,1,1,1,1,1,1,1,1,1,logs/llm-srbench/degen_mutator2/opus-4-6/CRK32.txt,,1,high_precision_refit_from_existing_params,SA=1: min train_nmse among matching logs,c0;c1;c2;c3;c4;c5;c6;c7;c8;c9,"[8.913867734546366e-07,-0.4994826180251382,0.520865733822858,-0.05055621977015388,4.62006771301815e-05,4.999985830101793,0.3333441973421879,0.7991068263580514,6.602220393682528e-09,1.2683823413635218e-05]",A**2*c0 + A*c1 + A*c2*exp(c3*t)*sin(c4*t + c5) + A**c6*c7*exp(c8*t) + c9,1,1,1,1,1,1,1,1,1
CRK33,opus-4-6,degen_mutator2,0,0,0,1,1,0,0,0,1,2.43435660029e-13,1.91302677588e-13,2.88751673954e-08,0.021506155079,0.000540107861769,0,0,1,1,1,1,0,0,1,logs/llm-srbench/degen_mutator2/opus-4-6/CRK33.txt,,1,high_precision_refit_from_existing_params,SA=0: min train_nmse among all candidates,c0;c1;c2;c3;c4;c5;c6;c7;c8,"[-0.30888057579929795,2.072498537466591,-0.500005151646573,30.739655203701854,0.27224186888088325,0.5156647935597872,9.45334976212997,0.08108310876032333,4.987107876284362]",A**2*c0 + A*c1 + A**c2*c3*log(A*c4 + 1) + A**c5*c6*sin(A*c7 + c8),1,1,1,1,1,1,1,1,1
CRK34,opus-4-6,degen_mutator2,1,1,1,1,1,1,1,1,1,2.48525844312e-13,2.42106060159e-13,1.08570659318e-08,0.0551153565931,0.0157620973862,0,0,1,0,0,1,0,0,1,logs/llm-srbench/degen_mutator2/opus-4-6/CRK34.txt,,1,high_precision_refit_from_existing_params,SA=1: min train_nmse among matching logs,c0;c1;c2,"[0.7240016538228757,-0.16891143324388116,-1.629380617432601e-08]",A**0.333333333333333*c0 + A**2*c1 + c2,1,1,1,1,1,1,1,1,1
CRK35,opus-4-6,degen_mutator2,1,1,1,1,1,1,1,1,1,2.11232090254e-15,1.99748571074e-15,2.91686988371e-14,1.60131827788e-05,1.13527268872e-07,1,1,1,1,1,1,1,1,1,logs/llm-srbench/degen_mutator2/opus-4-6/CRK35.txt,,1,high_precision_refit_from_existing_params,SA=1: min train_nmse among matching logs,c0;c1;c2;c3;c4;c5,"[-0.1362569649894041,0.06225807029513596,0.9423434968130865,-2.2144328611679216e-09,1.5164763955441487,0.6396543446993318]",A*c0 + A*c1*log(c2*t + 1) + c3*sin(A*c4*t + c5),1,1,1,1,1,1,1,1,1
CRK_all,opus-4-6,degen_mutator2,16/36,22/36,24/36,30/36,30/36,23/36,23/36,24/36,26/36,2.4598075217e-13,1.98418377822e-13,1.02659564673e-08,6.89698328312e-05,9.12197694535e-05,23/36,26/36,35/36,27/36,31/36,35/36,21/36,25/36,35/36,,,,aggregate row; no single NMSE,combined aggregate row,,[],,34/36,35/36,35/36,33/36,34/36,35/36,33/36,34/36,35/36
MatSci0,opus-4-6,degen_mutator2,0,0,0,1,1,0,0,0,0,5.15634704742e-15,5.72398417155e-15,1.00876395461e-12,4.05125290011e-05,1.24759533013e-07,1,1,1,1,1,1,1,1,1,logs/llm-srbench/degen_mutator2/opus-4-6/MatSci0.txt,,1,high_precision_refit_from_existing_params,SA=0: min train_nmse among all candidates,c0;c1;c2;c3;c4;c5;c6;c7;c8;c9,"[0.6980068485908771,1814.6530991404293,1.5975788543698761,-156.76690688410952,0.5975783050968666,9.742279014849897,-201.02769416393807,-1172.9231618416748,-3.840437464706214e-06,1.2206673810422213]",T*c0*epsilon + c1*epsilon**c2 + c3*epsilon**c4 + c5 + c6*epsilon + c7*epsilon**2 + c8*epsilon*cos(T*c9),1,1,1,1,1,1,1,1,1
MatSci1,opus-4-6,degen_mutator2,0,0,0,0,0,0,0,0,0,1.63076002949e-12,1.62481701991e-12,1.12272709059e-09,2.04789133847e-06,2.88044015221e-06,1,1,1,1,1,1,1,1,1,logs/llm-srbench/degen_mutator2/opus-4-6/MatSci1.txt,,0,high_precision_refit_from_existing_params,SA=0: min train_nmse among all candidates,c0;c1;c2;c3;c4;c5;c6;c7;c8;c9,"[0.021427447947810253,1.8359654590159311,0.004281068859183482,0.2663716974312033,52.696554398460115,-10.134314656409558,1.9849554730455712,3.8053997825660857,0.99999999971529,-1.549494825645295]",T*c0*epsilon**c1 + T*c2*epsilon**c3 + c4*epsilon**c3 + c5*epsilon**c6 + c7*epsilon*cos(T*c8 + c9),1,1,1,1,1,1,1,1,1
MatSci2,opus-4-6,degen_mutator2,0,0,1,1,1,0,0,0,0,4.45364213073e-15,4.82291182282e-15,1.29718406608e-11,5.23353804882e-06,1.35477198484e-07,1,1,1,1,1,1,1,1,1,logs/llm-srbench/degen_mutator2/opus-4-6/MatSci2.txt,,1,high_precision_refit_from_existing_params,SA=0: min train_nmse among all candidates,c0;c1;c2;c3;c4;c5;c6;c7,"[0.4347587039274525,-556.2110256642051,-8750.728451229063,-1.1900992728013835,11880.86295376429,-0.5877691573928112,0.15779510940487193,2.272202610654113]",T*c0 + c1 + c2*exp(c3*epsilon) + c4*exp(c5*epsilon)*sin(c6*epsilon + c7),1,1,1,1,1,1,1,1,1
MatSci3,opus-4-6,degen_mutator2,0,0,0,0,0,0,0,0,0,4.88978976244e-12,5.92633914803e-12,6.14834775525e-10,3.76887242525e-05,3.44616179858e-06,1,1,1,1,1,1,1,1,1,logs/llm-srbench/degen_mutator2/opus-4-6/MatSci3.txt,,0,high_precision_refit_from_existing_params,SA=0: min train_nmse among all candidates,c0;c1;c2;c3;c4;c5;c6;c7;c8;c9,"[3.304961213979519,-39.55787558513048,0.005420050150679002,0.19877263187382105,-6.17134404585542e-06,0.10034695407148439,0.19990516967001054,596.9927125451455,0.9700248276365939,-1221.4020838164324]",T*c0*epsilon**3 + c1*epsilon*(c2 + epsilon)**c3*exp(T*c4) + c5*epsilon**c6*(T + c7)**c8 + c9*epsilon**3,1,1,1,1,1,1,1,1,1
MatSci4,opus-4-6,degen_mutator2,0,0,0,0,0,0,0,0,0,6.23281831355e-15,5.43743696807e-15,1.04633759407e-12,2.0312745319e-06,1.60303606448e-07,1,1,1,1,1,1,1,1,1,logs/llm-srbench/degen_mutator2/opus-4-6/MatSci4.txt,,0,high_precision_refit_from_existing_params,SA=0: min train_nmse among all candidates,c0;c1;c2;c3;c4;c5;c6,"[0.5858603181479356,-6.092847179675175,-320.6902623656906,-2579.475379666992,0.08933469255579835,1342.7233912540491,1.0051284327610657]",T*c0*epsilon + c1*epsilon**3 + c2*epsilon + c3*epsilon*log(c4*epsilon + 1) + c5*epsilon*log(c6*epsilon + 1),1,1,1,1,1,1,1,1,1
MatSci5,opus-4-6,degen_mutator2,0,0,0,0,0,0,0,0,0,7.8099143016e-15,9.119418665e-15,2.42321007306e-11,7.71393793681e-06,7.37598621044e-07,1,1,1,1,1,1,1,1,1,logs/llm-srbench/degen_mutator2/opus-4-6/MatSci5.txt,,0,high_precision_refit_from_existing_params,SA=0: min train_nmse among all candidates,c0;c1;c2;c3;c4;c5;c6;c7;c8;c9,"[-0.2557341485581886,147.9315975957549,-5.734833981985401,2.9276746948845163,1161.6133088365298,2.452879703385996,-1439.6219455819787,99.13443021209045,0.3178383801349686,-0.00010076887833668592]",T*c0*epsilon + c1*epsilon + c2*epsilon**c3 + c4*epsilon**c5 + c6*epsilon**2 + c7*epsilon**c8*exp(T*c9),1,1,1,1,1,1,1,1,1
MatSci6,opus-4-6,degen_mutator2,0,0,0,0,1,0,0,0,0,1.45583006109e-14,1.43378718808e-14,8.93218558593e-13,0.000190503676876,2.47140085456e-07,1,1,1,1,1,1,1,1,1,logs/llm-srbench/degen_mutator2/opus-4-6/MatSci6.txt,,1,high_precision_refit_from_existing_params,SA=0: min train_nmse among all candidates,c0;c1;c2;c3;c4;c5;c6;c7,"[1.9998517791640509,0.3686934036015174,1.0000010557940964,1320066.4846958693,3.000005858798337,-422657617.02475977,0.9999964963859593,0.0011693827420562032]",T**c0*c1*epsilon**c2 + c3*epsilon**c4 + c5*epsilon**c6*log(c7*epsilon + 1),1,1,1,1,1,1,1,1,1
MatSci7,opus-4-6,degen_mutator2,0,0,0,0,0,0,0,0,0,8.3988558706e-15,7.92197192113e-15,2.32882135043e-12,0.000248777515892,2.83371537575e-07,1,1,1,1,1,1,1,1,1,logs/llm-srbench/degen_mutator2/opus-4-6/MatSci7.txt,,0,high_precision_refit_from_existing_params,SA=0: min train_nmse among all candidates,c0;c1;c2;c3;c4;c5;c6;c7;c8,"[20.21556462172471,76.65139070485151,-2.2183375309018665,-2234.6861960798665,-65.60765506580823,23720.425393224843,1.7888036912632095,0.059920573155735846,0.03957528151987411]",sqrt(T)*c0*epsilon + c1*exp(c2*epsilon) + c3*epsilon + c4 + c5*log(c6*epsilon + 1)*sin(c7*epsilon + c8),1,1,1,1,1,1,1,1,1
MatSci8,opus-4-6,degen_mutator2,1,1,1,1,1,1,1,1,1,6.66264694253e-15,7.39091615918e-15,1.25339357015e-12,72.0386699804,1.97413442489e-07,0,0,0,1,1,1,0,0,0,logs/llm-srbench/degen_mutator2/opus-4-6/MatSci8.txt,,1,high_precision_refit_from_existing_params,SA=1: min train_nmse among matching logs,c0;c1;c2;c3;c4;c5;c6;c7;c8;c9,"[0.9589171819677232,0.11030401305241372,0.9967716044969701,-0.06557142335322269,1.2052442165710344,-510.15146014105153,0.9720988948830462,1571.674354895354,1.933726866894781,-30.11306760197896]",T*c0*epsilon + T*c1 + T**c2*c3*epsilon**c4 + c5*epsilon**c6 + c7*epsilon**c8 + c9,1,1,1,1,1,1,1,1,1
MatSci9,opus-4-6,degen_mutator2,1,1,1,1,1,1,1,1,1,2.5959015864e-14,2.7259307969e-14,8.14164952374e-13,1.32976091872e-05,3.28852021641e-07,1,1,1,1,1,1,1,1,1,logs/llm-srbench/degen_mutator2/opus-4-6/MatSci9.txt,,1,high_precision_refit_from_existing_params,SA=1: min train_nmse among matching logs,c0;c1;c2;c3;c4;c5;c6;c7;c8,"[-0.04727215594153723,5.121401791909996,3.0000024450584153,26.903128072551493,1758.3212066403182,3.999992445341974,-1703.6955073029535,3.000003830053978,-171.51177948911322]",T*c0 + T*c1*epsilon**c2 + c3 + c4*epsilon**c5 + c6*epsilon**c7 + c8*epsilon,1,1,1,1,1,1,1,1,1
MatSci10,opus-4-6,degen_mutator2,0,0,0,0,0,0,0,0,0,1.32318106201e-14,1.48200803288e-14,8.61846935535e-13,1.16184633095e-05,2.37055985544e-07,1,1,1,1,1,1,1,1,1,logs/llm-srbench/degen_mutator2/opus-4-6/MatSci10.txt,,0,high_precision_refit_from_existing_params,SA=0: min train_nmse among all candidates,c0;c1;c2;c3;c4;c5;c6;c7;c8,"[668.0815129382394,-203.758083476893,14.949202577061088,1.498950544901016,-0.008644448270400396,35.332989592903076,0.21428695015275165,59561.36904688294,-153011.61267630866]",T*c0*epsilon**2 + T*c1*epsilon + c2*epsilon**c3*exp(T*c4) + c5*epsilon**c6 + c7*epsilon + c8*epsilon**2,1,1,1,1,1,1,1,1,1
MatSci11,opus-4-6,degen_mutator2,1,1,1,1,1,1,1,1,1,1.6921412974e-14,1.19797177914e-14,8.62505888916e-13,1.80123422932e-07,2.452138711e-07,1,1,1,1,1,1,1,1,1,logs/llm-srbench/degen_mutator2/opus-4-6/MatSci11.txt,,1,high_precision_refit_from_existing_params,SA=1: min train_nmse among matching logs,c0;c1;c2;c3;c4;c5;c6,"[2.120339413595777,2.1204753902526012,1700.1284982275308,-1703.7701996327435,61.5603307857609,0.4776401009780451,-6.721165909418494]",T*c0*epsilon**3 + T*c1*epsilon**3 + c2*epsilon**4 + c3*epsilon**3 + c4*epsilon**c5*exp(c6/T),1,1,1,1,1,1,1,1,1
MatSci12,opus-4-6,degen_mutator2,0,0,0,0,0,0,0,0,0,2.69327390406e-05,2.57897483556e-05,0.0151488683382,0.0169954682489,0.00231369818181,0,0,1,0,1,1,0,0,1,logs/llm-srbench/degen_mutator2/opus-4-6/MatSci12.txt,,0,high_precision_refit_from_existing_params,SA=0: min train_nmse among all candidates,c0;c1;c2;c3;c4;c5;c6;c7;c8;c9,"[-0.211,80.156,93.661,0.45239,-0.017139,0.095059,0.0005441,-5.0,0.067543,5.0043]",T*c0*epsilon + c1*epsilon + c2*epsilon**c3 + c4*cos(T*c5) + c6*exp(c7*sin(T*c8 + c9)),0,1,1,0,1,1,0,1,1
MatSci13,opus-4-6,degen_mutator2,0,0,0,0,0,0,0,0,0,3.93533455162e-08,4.81856369224e-08,3.21970015906e-06,11.1279682984,9.56823166395e-05,0,0,0,1,1,1,0,0,0,logs/llm-srbench/degen_mutator2/opus-4-6/MatSci13.txt,,0,high_precision_refit_from_existing_params,SA=0: min train_nmse among all candidates,c0;c1;c2;c3;c4;c5;c6;c7;c8;c9,"[-13.219240553928769,60.044222687189475,-287.6415368885627,15.1458310063951,0.003119539853639993,2729.957776983716,-0.0105535935097443,0.006594275312215624,-8.978639454558906e-07,-4.999996628332095]",c0*epsilon*exp(c1/T) + c2*epsilon + c3 + c4*epsilon**2*exp(c5/T) + c6*exp(T*c7 + c8*epsilon**c9),0,1,1,1,1,1,0,1,1
MatSci14,opus-4-6,degen_mutator2,0,0,0,1,1,1,0,1,0,1.13471952926e-14,1.01786459253e-14,8.29746152287e-13,4.93854935044e-05,1.60384644708e-07,1,1,1,1,1,1,1,1,1,logs/llm-srbench/degen_mutator2/opus-4-6/MatSci14.txt,,1,high_precision_refit_from_existing_params,SA=0: min train_nmse among all candidates,c0;c1;c2;c3;c4;c5;c6,"[0.188474821713452,0.6261599956493743,-171.61746364987866,43.13933912888926,-272.48941015773374,664.7771339621981,1.6261601521757867]",T*c0*epsilon**c1 + c2*epsilon**c1 + c3 + c4*epsilon + c5*epsilon**c6,1,1,1,1,1,1,1,1,1
MatSci16,opus-4-6,degen_mutator2,0,0,0,0,0,0,0,0,0,5.5220099483e-08,7.69376107059e-08,3.35048900723e-07,0.210315813219,7.2136588617e-05,0,0,0,1,1,1,0,0,0,logs/llm-srbench/degen_mutator2/opus-4-6/MatSci16.txt,,0,high_precision_refit_from_existing_params,SA=0: min train_nmse among all candidates,c0;c1;c2;c3;c4;c5;c6;c7;c8,"[51.999295657657484,-2877.2184932108476,0.2013473359077022,0.007427754248155926,-0.34048332934897857,-1.8292991477654659,-0.2752503796429899,-3.2730660415448084e-05,-4.999999999999494]",T**(1/3)*c0*epsilon + c1*epsilon**2 + c2*exp(T*c3 + c4*epsilon**c5) + c6*exp(c7*epsilon**c8),0,1,1,1,1,1,0,1,1
MatSci18,opus-4-6,degen_mutator2,0,0,0,1,1,0,0,0,0,1.47224652497e-14,1.46205783064e-14,8.69464167735e-13,0.0158595212733,2.37338252362e-07,0,0,1,1,1,1,0,0,1,logs/llm-srbench/degen_mutator2/opus-4-6/MatSci18.txt,,1,high_precision_refit_from_existing_params,SA=0: min train_nmse among all candidates,c0;c1;c2;c3;c4,"[-984.2253386315894,3133.172974139546,1.9999999190964421,298676.0306559312,-796693.4331178726]",T*c0*epsilon + T*c1*epsilon**c2 + c3*epsilon + c4*epsilon**c2,1,1,1,1,1,1,1,1,1
MatSci19,opus-4-6,degen_mutator2,0,0,0,0,0,0,0,0,0,7.02385794076e-15,6.58012136967e-15,1.44220545208e-12,3.07757521934e-07,1.88287369603e-07,1,1,1,1,1,1,1,1,1,logs/llm-srbench/degen_mutator2/opus-4-6/MatSci19.txt,,0,high_precision_refit_from_existing_params,SA=0: min train_nmse among all candidates,c0;c1;c2;c3;c4;c5;c6;c7;c8;c9,"[2.071218668047382,-2.299067095639106,-1.1685057117799236,-2649.786792341442,1.1989442705629234,-757.0472300813818,857.1369239286297,1793.6295614697954,2.0000055684641813,-0.00033520039898446007]",T*c0 + T*c1*exp(c2*epsilon) + c3*epsilon/(c4 + epsilon) + c5*exp(c2*epsilon) + c6 + c7*epsilon**c8*exp(T*c9),1,1,1,1,1,1,1,1,1
MatSci20,opus-4-6,degen_mutator2,0,0,0,0,0,0,0,0,0,6.0536919928e-15,7.52629357577e-15,2.19836518797e-12,4.60023551257e-05,2.19196904748e-07,1,1,1,1,1,1,1,1,1,logs/llm-srbench/degen_mutator2/opus-4-6/MatSci20.txt,,0,high_precision_refit_from_existing_params,SA=0: min train_nmse among all candidates,c0;c1;c2;c3;c4;c5;c6,"[5218.0814784629765,-406.87446571625753,-11699.993373378189,0.4676112719659388,0.00015777680593662366,267.8587106412156,0.002095907302308248]",c0*epsilon + c1*epsilon**4 + c2*log(c3*epsilon*exp(T*c4) + 1) + c5*epsilon*exp(T*c6),1,1,1,1,1,1,1,1,1
MatSci21,opus-4-6,degen_mutator2,0,0,0,1,1,0,0,0,0,2.60389707384e-14,2.8169335216e-14,8.50111043153e-13,7.68129941988e-06,3.49628450555e-07,1,1,1,1,1,1,1,1,1,logs/llm-srbench/degen_mutator2/opus-4-6/MatSci21.txt,,1,high_precision_refit_from_existing_params,SA=0: min train_nmse among all candidates,c0;c1;c2;c3;c4;c5;c6,"[4.278658085182609,-0.8869937149821486,-545.6454377163495,0.2618004742905521,289.42964248452097,-760.8995686930386,548.1796732761211]",T*c0*epsilon**3 + T*c1*epsilon**2 + c2*exp(c3*epsilon) + c4*epsilon**2 + c5*epsilon**3 + c6,1,1,1,1,1,1,1,1,1
MatSci22,opus-4-6,degen_mutator2,0,0,1,1,1,1,1,1,1,1.02411109342e-11,1.02705916437e-11,2.20997591669e-10,0.000327035962336,5.91560923041e-06,1,1,1,1,1,1,1,1,1,logs/llm-srbench/degen_mutator2/opus-4-6/MatSci22.txt,,1,high_precision_refit_from_existing_params,SA=0: min train_nmse among all candidates,c0;c1;c2;c3;c4,"[0.14466217913882345,-39.49277504068894,-7.746545516989374,1.0000000015298296,4.394206967154181]",T*c0*epsilon + c1*epsilon + c2*epsilon*sin(T*c3 + c4),1,1,1,1,1,1,1,1,1
MatSci23,opus-4-6,degen_mutator2,0,0,0,0,0,0,0,0,0,7.27958158361e-15,8.5297244966e-15,1.39885529343e-12,1.85865231886e-07,1.7740469685e-07,1,1,1,1,1,1,1,1,1,logs/llm-srbench/degen_mutator2/opus-4-6/MatSci23.txt,,0,high_precision_refit_from_existing_params,SA=0: min train_nmse among all candidates,c0;c1;c2;c3;c4;c5;c6;c7;c8;c9,"[-0.3333230025248638,-187.60929501735464,41.52845799055617,63.88535443321457,0.6136844301213386,-260.96011877752943,1.2781707527322939,1776.2088483163473,0.9989047778460232,0.9506701069170643]",T**c0*c1 + c2 + c3*epsilon**c4 + c5*log(c6*epsilon + 1) + c7*epsilon**c8*log(c9*epsilon + 1),1,1,1,1,1,1,1,1,1
MatSci24,opus-4-6,degen_mutator2,0,0,0,0,0,0,0,0,0,8.15698298834e-15,7.23707052541e-15,2.22366466389e-12,8.14777830686e-06,3.005860279e-07,1,1,1,1,1,1,1,1,1,logs/llm-srbench/degen_mutator2/opus-4-6/MatSci24.txt,,0,high_precision_refit_from_existing_params,SA=0: min train_nmse among all candidates,c0;c1;c2;c3;c4;c5;c6,"[-0.008208795861272605,0.48550964396454704,-691.7856941034524,325.1798256519743,0.0022461782794476297,-1683.6369950067776,-0.000608289165861897]",T**2*c0*log(c1*epsilon + 1) + c2*epsilon**4 + c3*epsilon*exp(T*c4) + c5*epsilon**2*exp(T*c6),1,1,1,1,1,1,1,1,1
MatSci25,opus-4-6,degen_mutator2,0,0,0,0,0,0,0,0,0,7.72661141668e-13,5.36824233059e-13,2.07091894659e-10,5.63970338767e-05,1.67015504933e-06,1,1,1,1,1,1,1,1,1,logs/llm-srbench/degen_mutator2/opus-4-6/MatSci25.txt,,0,high_precision_refit_from_existing_params,SA=0: min train_nmse among all candidates,c0;c1;c2;c3;c4;c5;c6;c7;c8;c9,"[0.028011742793798658,0.00026699414326517603,77.24274556834563,0.9676291024375503,4.139813933096768,1.000000001315075,1.264794345098342,-1.771567092021518,2.794466820521632,-14.702048751032766]",T*c0*epsilon + T*c1*epsilon**2 + c2*epsilon**c3 + c4*epsilon*cos(T*c5 + c6) + c7*log(c8*epsilon + 1) + c9*epsilon**2,1,1,1,1,1,1,1,1,1
MatSci28,opus-4-6,degen_mutator2,0,0,0,0,0,0,0,0,0,5.9347515374e-15,6.66119078653e-15,1.64594729845e-12,6.46451238494e-06,2.16113716821e-07,1,1,1,1,1,1,1,1,1,logs/llm-srbench/degen_mutator2/opus-4-6/MatSci28.txt,,0,high_precision_refit_from_existing_params,SA=0: min train_nmse among all candidates,c0;c1;c2;c3;c4;c5;c6;c7;c8,"[-5.405384820523327,0.037732480519765646,0.6347616075667927,0.5410596065389686,1334.543997268687,2.0000073399645824,0.003921423712638945,-166.39521608865041,-98.64766522547487]",T*c0*epsilon*log(c1*epsilon + 1)/(c2 + epsilon) + T*c3*log(c1*epsilon + 1)/(c2 + epsilon) + c4*epsilon**c5*log(T*c6 + 1)/(c2 + epsilon) + c7*epsilon/(c2 + epsilon) + c8*epsilon*epsilon**c5*log(T*c6 + 1)/(c2 + epsilon),1,1,1,1,1,1,1,1,1
MatSci_all,opus-4-6,degen_mutator2,3/25,3/25,5/25,9/25,10/25,5/25,4/25,5/25,4/25,1.32318106201e-14,1.19797177914e-14,1.64594729845e-12,3.76887242525e-05,2.47140085456e-07,20/25,20/25,22/25,24/25,25/25,25/25,20/25,20/25,22/25,,,,aggregate row; no single NMSE,combined aggregate row,,[],,22/25,25/25,25/25,24/25,25/25,25/25,22/25,25/25,25/25
PO0,opus-4-6,degen_mutator2,0,0,0,0,0,0,0,0,0,6.19631349353e-08,6.11981395534e-08,5.17245510486e-08,0.0236805899867,0.00814565545081,0,0,1,0,1,1,0,0,1,logs/llm-srbench/degen_mutator2/opus-4-6/PO0.txt,,0,high_precision_refit_from_existing_params,SA=0: min train_nmse among all candidates,c0;c1;c2;c3;c4;c5;c6;c7;c8;c9,"[-1.0163997298933838,-0.7122555110560036,-0.9480685049104479,0.9999996005824356,3.141507792678231,-1.3658797830549931,0.11850129381007679,0.02523056240054727,0.9525472535237911,-0.005615532430490133]",c0*x + c1*v + c2*sin(c3*t + c4) + c5*x**3 + c6*v**3 + c7*x**5 + c8*x*Abs(x) + c9*v**5,0,1,1,0,1,1,0,1,1
PO1,opus-4-6,degen_mutator2,0,0,0,0,0,0,0,0,0,4.41254194994e-09,4.71193741085e-09,1.43805975538e-08,0.250922895505,0.0816475093257,0,0,0,0,0,1,0,0,0,logs/llm-srbench/degen_mutator2/opus-4-6/PO1.txt,,0,high_precision_refit_from_existing_params,SA=0: min train_nmse among all candidates,c0;c1;c2;c3;c4;c5;c6;c7;c8;c9,"[-1.2713283833389966,-0.4226110408032266,0.9999987996560068,3.1416149794447827,-0.7464199615364564,0.6358654016776483,7.4233321696122125,42.291450448077185,-0.25015144407278933,2.3804041742350543]",c0*x + c1*sin(c2*t + c3) + c4*x/(c5*x**2 + 1) + c6*x**3/(c7*x**2 + 1) + c8*x/(c9*x**2 + 1)**2,1,1,1,0,1,1,0,1,1
PO2,opus-4-6,degen_mutator2,1,1,1,1,1,1,1,1,1,3.76211431172e-13,3.0920189929e-13,0.0518278324426,0.451374218607,2.80219890102,0,0,0,0,0,0,0,0,0,logs/llm-srbench/degen_mutator2/opus-4-6/PO2.txt,,1,high_precision_refit_from_existing_params,SA=1: min train_nmse among matching logs,c0;c1;c2;c3;c4;c5;c6;c7,"[-1.4473547834607936,-0.7253063930545796,0.7253062716031519,-0.08924218181559235,-1.4473576553558745,-0.9999981360719022,-5.166580315400949e-08,0.08717546872887691]",c0*x + c1*v + c2*v*x**2 + c3*v**3 + c4*x*exp(c5*Abs(x)) + c6*cos(c7*t),0,1,1,0,0,0,0,0,0
PO3,opus-4-6,degen_mutator2,0,0,0,0,1,0,0,0,0,8.81734367711e-13,8.96025160575e-13,6.72964022917e-12,3.64252725945e-05,0.000385745787727,1,1,1,1,1,1,1,1,1,logs/llm-srbench/degen_mutator2/opus-4-6/PO3.txt,,1,high_precision_refit_from_existing_params,SA=0: min train_nmse among all candidates,c0;c1;c2;c3;c4;c5;c6;c7;c8,"[-1.453191201331616,-7.327512909014734e-10,-0.10625693004912044,1.570796291501611,0.9999999964161492,0.08070094451501887,6.596467872887947e-08,0.7967373127322781,-1.2584745705253424]",c0*v + c1 + c2*cos(c3 + c4*t) + c5*v**3 + c6*v*cos(c7*t + c8),1,1,1,1,1,1,1,1,1
PO4,opus-4-6,degen_mutator2,1,1,1,1,1,1,1,1,1,1.15045479458e-14,9.706929968e-15,7.84041130554e-14,3.01951145077e-05,8.16792683112e-05,1,1,1,1,1,1,1,1,1,logs/llm-srbench/degen_mutator2/opus-4-6/PO4.txt,,1,high_precision_refit_from_existing_params,SA=1: min train_nmse among matching logs,c0;c1;c2;c3;c4;c5;c6;c7;c8;c9,"[-2.2112151256741988,-1.2664083092344214e-08,-0.35078182512395667,0.9999999969141861,-4.712388949345123,-0.023040533813791876,-0.06107498863004483,0.3333333333333333,-5.7707144277225976e-09,-7.3233351029540305e-09]",c0*x + c1*x**3 + c2*cos(c3*t + c4) + c5*v**3 + c6*x*Abs(v)**c7 + c8*x**2 + c9*v,1,1,1,1,1,1,1,1,1
PO5,opus-4-6,degen_mutator2,0,0,1,1,1,1,1,1,1,1.36450054778e-12,1.94561994556e-12,0.431536007426,2.02943751003,2.13209985084,0,0,0,0,0,0,0,0,0,logs/llm-srbench/degen_mutator2/opus-4-6/PO5.txt,,1,high_precision_refit_from_existing_params,SA=0: min train_nmse among all candidates,c0;c1;c2;c3;c4;c5;c6;c7;c8;c9,"[-2.5879079633537474,-1.2939534190133624,-1.1773389259190414,0.013477862632575298,-0.12202744816011221,0.16684718010857016,0.856577822018567,4.712426358990837,-4.94602491811788e-07,0.10624865782698445]",c0*x + c1*x**3 + c2*v + c3*v**3 + c4*x*Abs(v)**(1/3) + c5*v*sin(c6*v + c7) + c8*cos(c9*t),0,0,0,0,0,0,0,0,0
PO6,opus-4-6,degen_mutator2,0,1,1,1,1,1,1,1,1,0.00199200705486,0.00372781085823,339931.925829,38.3471779049,57.5061269812,0,0,0,0,0,0,0,0,0,logs/llm-srbench/degen_mutator2/opus-4-6/PO6.txt,,1,high_precision_refit_from_existing_params,SA=0: min train_nmse among all candidates,c0;c1;c2;c3;c4;c5;c6;c7,"[0.1001663061047887,-1.2467377898943672,-0.4435368345979689,-0.4838798016756516,-0.012406234831216889,2.870435649764746,4.999999999999999,4.999999999999999]",c0*x + c1*x**3 + c2*v*exp(c3*x) + c4*sin(c5*log(c6*Abs(v) + 1) + c7),0,0,0,0,0,0,0,0,0
PO7,opus-4-6,degen_mutator2,1,1,1,1,1,1,1,1,1,8.33719954888e-15,8.22470919251e-15,1.08572819583e-14,3.10287381032e-06,4.88369291266e-06,1,1,1,1,1,1,1,1,1,logs/llm-srbench/degen_mutator2/opus-4-6/PO7.txt,,1,high_precision_refit_from_existing_params,SA=1: min train_nmse among matching logs,c0;c1;c2;c3,"[-1.2831121958555447,-0.7295609906920384,-0.045893880231685204,6.224128736095329e-09]",c0*x**3 + c1*Abs(v)**(1/3) + c2*v**3 + c3*v*x,1,1,1,1,1,1,1,1,1
PO8,opus-4-6,degen_mutator2,1,1,1,1,1,1,1,1,1,5.94944218292e-15,5.3322707811e-15,6.75395514539e-15,5.62026522989e-07,6.29085243e-06,1,1,1,1,1,1,1,1,1,logs/llm-srbench/degen_mutator2/opus-4-6/PO8.txt,,1,high_precision_refit_from_existing_params,SA=1: min train_nmse among matching logs,c0;c1;c2;c3;c4;c5;c6;c7;c8,"[2.1212268311053162e-09,-1.745294826221715,-1.0886851889390197,-0.6004045362715715,0.3333333333333333,7.435740340221172e-10,-7.0224525603150296e-12,-5.574795170934481,1.3333333333333333]",c0*exp(c1*x) + c2*x**3 + c3*Abs(v)**c4 + c5*x + c6*exp(c7*x)*Abs(v)**c8,1,1,1,1,1,1,1,1,1
PO9,opus-4-6,degen_mutator2,1,1,1,1,1,1,1,1,1,2.31055908983e-14,2.12441978233e-14,7.34868278813e-12,0.00513456788338,0.000895691853499,0,1,1,1,1,1,0,1,1,logs/llm-srbench/degen_mutator2/opus-4-6/PO9.txt,,1,high_precision_refit_from_existing_params,SA=1: min train_nmse among matching logs,c0;c1;c2;c3;c4;c5;c6;c7;c8;c9,"[-3.854578227617405,-0.4243105835958113,-0.30645527662228883,3.141592681340127,0.9999999973360205,-0.13147260281120793,1.006910239459713e-09,0.4243105975535722,1.5787765983201442e-11,9.201592471258117]",c0*x + c1*v + c2*sin(c3 + c4*t) + c5*x*Abs(v)**(1/3) + c6*v*x + c7*v*x**2 + c8*v*exp(c9*x**2),1,1,1,1,1,1,1,1,1
PO10,opus-4-6,degen_mutator2,0,0,0,0,0,0,0,0,0,6.55295905244e-15,7.45106010034e-15,1.39912585294e-14,1.63214305931e-05,6.22284522355e-05,1,1,1,1,1,1,1,1,1,logs/llm-srbench/degen_mutator2/opus-4-6/PO10.txt,,0,high_precision_refit_from_existing_params,SA=0: min train_nmse among all candidates,c0;c1;c2;c3;c4;c5;c6;c7;c8;c9,"[-4.830513448894993,-1.9916410269522071,2.7489699682360855e-08,0.1563301250522105,-0.7998420611889705,0.9999999979157758,1.5707963452920184,1184.1957815486037,4.1768915458766895e-05,1.5700808779566382]",c0*x + c1*x**3 + c2*cos(c3*t) + c4*cos(c5*t + c6) + c7*x*cos(c8*t + c9),1,1,1,1,1,1,1,1,1
PO11,opus-4-6,degen_mutator2,0,0,0,0,0,0,0,0,0,2.58711879049e-06,3.44611916877e-06,2.61705159413,28.1329867921,33.6774503291,0,0,0,0,0,0,0,0,0,logs/llm-srbench/degen_mutator2/opus-4-6/PO11.txt,,0,high_precision_refit_from_existing_params,SA=0: min train_nmse among all candidates,c0;c1;c2;c3;c4;c5;c6;c7;c8;c9,"[-25.126603386694395,-2.509089462473381,-0.8836274864673391,895.3004064303655,0.0002582860109464042,3.116334164259977,0.24413698176089577,0.01508206513358724,4.45137368534782,-0.0017121248265036593]",c0*x + c1*x**3 + c2*v + c3*x*sin(c4*t + c5) + c6*v*Abs(v) + c7*sin(c8*v + c9),0,0,0,0,0,0,0,0,0
PO12,opus-4-6,degen_mutator2,0,0,0,0,0,0,0,0,0,0.000654237020731,0.000712700936709,0.00485480157287,16.7234933697,8.05781552863,0,0,0,0,0,0,0,0,0,logs/llm-srbench/degen_mutator2/opus-4-6/PO12.txt,,0,high_precision_refit_from_existing_params,SA=0: min train_nmse among all candidates,c0;c1;c2;c3;c4;c5;c6;c7;c8;c9,"[-2.4672141872865287,-0.05741642481974341,-0.30089473913520126,-0.40687245464907845,0.9992391191939123,3.143782708213682,0.32705690705376667,0.08710344912309415,0.16899715533870488,-3.2881714162324855]",c0*x + c1*v + c2 + c3*sin(c4*t + c5) + c6*x*cos(c7*t) + c8*exp(c9*v**2),0,0,0,0,0,0,0,0,0
PO13,opus-4-6,degen_mutator2,1,1,1,1,1,1,1,1,1,2.50127867148e-14,2.78617476712e-14,4.13130998543e-12,7.97722009294e-05,0.000565687862855,1,1,1,1,1,1,1,1,1,logs/llm-srbench/degen_mutator2/opus-4-6/PO13.txt,,1,high_precision_refit_from_existing_params,SA=1: min train_nmse among matching logs,c0;c1;c2;c3;c4;c5;c6;c7;c8;c9,"[-3.0564119662189038,-0.43342489126934464,-1.1375739235144168e-08,4.562568685313672,0.1644183938775454,0.4334249657895986,-0.25233156287242975,-0.26606892059370313,0.9999999978473754,1.5707963452659999]",c0*x + c1*v + c2*sin(c3 + c4*t) + c5*v*x**2 + c6*x*Abs(v)**(1/3) + c7*cos(c8*t + c9),1,1,1,1,1,1,1,1,1
PO14,opus-4-6,degen_mutator2,0,0,0,0,0,0,0,0,0,1.24599632271e-09,1.20021978356e-09,1.4244740492e-09,0.00361395624127,0.0463456768906,0,1,1,0,0,1,0,0,1,logs/llm-srbench/degen_mutator2/opus-4-6/PO14.txt,,0,high_precision_refit_from_existing_params,SA=0: min train_nmse among all candidates,c0;c1;c2;c3;c4;c5;c6;c7;c8;c9,"[-1.6260636473905299,-0.3423155098621809,3.1416018085890776,0.9999999109876178,0.10308738154817922,0.08565130786751271,-0.1031031031817774,-2.1906431513847022,0.11804829374900004,-0.501311382159571]",c0*v + c1*sin(c2 + c3*t) + c4 + c5*v**3 + c6*exp(c7*v**2) + c8*v*x**2 + c9*Abs(v),1,1,1,1,1,1,1,1,1
PO15,opus-4-6,degen_mutator2,0,0,0,0,0,0,0,0,0,9.26069739674e-07,7.87197388928e-07,1.08536644666e-06,0.0913821423381,0.0836901959183,0,0,1,0,0,1,0,0,1,logs/llm-srbench/degen_mutator2/opus-4-6/PO15.txt,,0,high_precision_refit_from_existing_params,SA=0: min train_nmse among all candidates,c0;c1;c2;c3;c4;c5;c6;c7;c8;c9,"[-4.708199337202821,0.4785654154504742,0.6824681964730581,0.00016261089217432833,0.9999951886658455,-0.10916666854794913,-0.7423134940114592,6.918158673992126,-0.018704018637928792,4.999999999999999]",c0*x + c1*x**3 + c2*sin(c3 + c4*t) + c5*x**5 + c6*x/(c7*x**2 + 1) + c8*x*log(c9*v**2 + 1),0,1,1,0,1,1,0,1,1
PO16,opus-4-6,degen_mutator2,0,0,0,0,0,0,0,0,0,9.18206484484e-08,1.07546904871e-07,4.89936765364e-08,0.238443376865,0.0744217629172,0,0,0,0,0,1,0,0,0,logs/llm-srbench/degen_mutator2/opus-4-6/PO16.txt,,0,high_precision_refit_from_existing_params,SA=0: min train_nmse among all candidates,c0;c1;c2;c3;c4;c5;c6;c7;c8;c9,"[-3.106147008513736,-0.1277369543202775,-0.8890690367898966,3.1419064485031063,1.0000003950877536,0.018037132874269605,-0.12989459479079163,0.020199345823468332,-0.0005668626084123353,2.3186110290724815]",c0*x**3 + c1*v + c2*sin(c3 + c4*t) + c5*v**3 + c6*v*x + c7*v*x**3 + c8*cos(c9*t),0,1,1,0,1,1,0,1,1
PO17,opus-4-6,degen_mutator2,1,1,1,1,1,1,1,1,1,1.64685389117e-13,1.80412909105e-13,2.03825040619e-12,0.000878315615271,0.00409192522809,1,1,1,0,1,1,0,1,1,logs/llm-srbench/degen_mutator2/opus-4-6/PO17.txt,,1,high_precision_refit_from_existing_params,SA=1: min train_nmse among matching logs,c0;c1;c2;c3;c4;c5;c6;c7;c8;c9,"[-2.507129570772523,-0.526876704546588,0.46076628063071495,2.1330246801500018e-08,0.9999999975002312,-0.26343677735651544,1.0000042506651923,-1.570799485986827,5.4614115909645036e-08,1.1469577538907527]",c0*x + c1*v + c2*sin(c3 + c4*t) + c5*v*cos(c6*x + c7) + c8*v*cos(c9*t),1,1,1,1,1,1,1,1,1
PO18,opus-4-6,degen_mutator2,1,1,1,1,1,1,1,1,1,9.12439999271e-16,9.24194933856e-16,1.08855866815e-15,1.80733724877e-06,1.24364685801e-07,1,1,1,1,1,1,1,1,1,logs/llm-srbench/degen_mutator2/opus-4-6/PO18.txt,,1,high_precision_refit_from_existing_params,SA=1: min train_nmse among matching logs,c0;c1;c2;c3;c4;c5,"[-1.8126475358002816,0.5836560233987387,1.0000000341249098,1.570796327217403,-2.741568502739074e-13,9.966110859233902]",c0*x + c1*v*cos(c2*x + c3) + c4*v*exp(c5*x**2),1,1,1,1,1,1,1,1,1
PO19,opus-4-6,degen_mutator2,0,0,0,0,0,0,0,0,0,1.1469202367e-13,2.25998074141e-13,0.000207510368468,0.0176374588551,0.46242636208,0,0,1,0,0,0,0,0,0,logs/llm-srbench/degen_mutator2/opus-4-6/PO19.txt,,0,high_precision_refit_from_existing_params,SA=0: min train_nmse among all candidates,c0;c1;c2;c3;c4;c5;c6;c7;c8;c9,"[-2.795225250277869,-0.8306865910951704,-0.599549893340284,7.6530405373797885,0.04089210001765064,0.5110093380918301,-1.4292986238166325,0.7751473166785419,1.0068931738506888,4.878546868116119e-09]",c0*x + c1*x**3 + c2*v + c3*x*exp(c4*x**2)*log(c5*Abs(x) + 1) + c6*log(c7*Abs(x) + 1)*sin(c8*x + c9),1,1,1,0,1,1,0,1,1
PO20,opus-4-6,degen_mutator2,1,1,1,1,1,1,1,1,1,1.33883905101e-12,1.03641327361e-12,0.183180196894,2.78785789605,0.892119419833,0,0,0,0,0,0,0,0,0,logs/llm-srbench/degen_mutator2/opus-4-6/PO20.txt,,1,high_precision_refit_from_existing_params,SA=1: min train_nmse among matching logs,c0;c1;c2;c3;c4;c5;c6;c7,"[-3.58220625995551,-1.5829560113978984,0.2893081105826567,-0.17168862653432515,-0.6247538065792109,0.9999646133957252,-5.679696927622127e-07,0.11858749012911403]",c0*x + c1*v + c2*v**3 + c3*x*Abs(v)**(1/3) + c4*log(c5*Abs(v) + 1) + c6*cos(c7*t),0,0,0,0,0,0,0,0,0
PO21,opus-4-6,degen_mutator2,1,1,1,1,1,1,1,1,1,2.95784264552e-13,3.4206643209e-13,1.09055427296e-12,0.000255413623618,0.000441065015253,1,1,1,1,1,1,1,1,1,logs/llm-srbench/degen_mutator2/opus-4-6/PO21.txt,,1,high_precision_refit_from_existing_params,SA=1: min train_nmse among matching logs,c0;c1;c2;c3;c4;c5;c6;c7;c8;c9,"[-0.7675182540787048,0.9999999973780609,3.141592677832142,-3.5715099316981614e-08,1.877913633456863,3.3268658006255727,1.682201274468681,0.2638964263312728,1.000000017940959,1.5707961525286496]",c0*sin(c1*t + c2) + c3*sin(c4*t + c5)*cos(c6*x) + c7*v*cos(c8*x + c9),1,1,1,1,1,1,1,1,1
PO22,opus-4-6,degen_mutator2,0,1,1,1,1,1,1,1,1,6.81926403088e-15,4.63658577843e-15,2.68867718053e-09,8.78082381705e-06,7.5727422998e-06,1,1,1,1,1,1,1,1,1,logs/llm-srbench/degen_mutator2/opus-4-6/PO22.txt,,?,high_precision_refit_from_existing_params,SA=0: min train_nmse among all candidates,c0;c1;c2;c3;c4;c5,"[-1.1598282395987185,-1.3663138323292672,-0.30700024531568804,-1.0000280753030968,473183.40550862433,1.5898536982524186e-06]",c0*x**3 + c1*v + c2*v*exp(c3*x) + c4*v*log(c5*x**2 + 1),1,1,1,1,1,1,1,1,1
PO23,opus-4-6,degen_mutator2,0,0,0,0,0,0,0,0,0,0.00275165458733,0.00276991771365,0.593685971549,18.9752585245,0.0328968871911,0,0,0,0,0,1,0,0,0,logs/llm-srbench/degen_mutator2/opus-4-6/PO23.txt,,0,high_precision_refit_from_existing_params,SA=0: min train_nmse among all candidates,c0;c1;c2;c3;c4;c5;c6;c7;c8;c9,"[0.35787,-3.0851,-0.31204,-0.1723,1.6584,3.0539,-0.0080709,0.098783,1.0095,6.0379]",c0*tanh(c1*x + c2) + c3*log(c4*x**2 + c5*v**2 + 1) + c6*v + c7*sin(c8*t + c9),0,0,0,0,0,1,0,0,0
PO24,opus-4-6,degen_mutator2,1,1,1,1,1,1,1,1,1,4.92492001607e-13,4.61282867103e-13,6.42007259605e-12,0.00125324366974,0.000690971221103,0,1,1,1,1,1,0,1,1,logs/llm-srbench/degen_mutator2/opus-4-6/PO24.txt,,1,high_precision_refit_from_existing_params,SA=1: min train_nmse among matching logs,c0;c1;c2;c3;c4;c5;c6;c7;c8;c9,"[-0.08342497992901068,0.7824146349711043,0.9999999969444461,4.860208894957254e-08,-0.9954170180303994,1.0000000241047784,3.737985557440055e-08,-0.7418701182584478,0.700946079613568,0.2870730546836709]",c0*v**3 + c1*sin(c2*t + c3) + c4*log(c5*Abs(v) + 1) + c6*sin(c7 + c8*v + c9*t),1,1,1,1,1,1,1,1,1
PO25,opus-4-6,degen_mutator2,1,1,1,1,1,1,1,1,1,4.60783529537e-13,5.50619466882e-13,2.64413252337e-12,0.0558844327972,0.000439998748902,0,0,1,1,1,1,0,0,1,logs/llm-srbench/degen_mutator2/opus-4-6/PO25.txt,,1,high_precision_refit_from_existing_params,SA=1: min train_nmse among matching logs,c0;c1;c2;c3;c4;c5;c6;c7;c8;c9,"[9.212715252320067e-08,0.08960594102563686,3.0285225541943377,0.9384306847392493,0.9999999975304388,-1.570796463781283,0.8669724096554198,1.0000023714464445,1.0000000000000004e-06,3.141592581761504]",c0*sin(c1*t + c2) + c3*cos(c4*t + c5) + c6*sin(c7*v + c8*v**3 + c9),1,1,1,1,1,1,1,1,1
PO26,opus-4-6,degen_mutator2,0,0,0,0,0,0,0,0,0,0.000202034951414,0.000184572051644,0.0002065739199,1.17081461895,0.693017697234,0,0,0,0,0,0,0,0,0,logs/llm-srbench/degen_mutator2/opus-4-6/PO26.txt,,0,high_precision_refit_from_existing_params,SA=0: min train_nmse among all candidates,c0;c1;c2;c3;c4;c5;c6;c7;c8;c9,"[-2.452487263033471,-0.3390631319810339,1.0003597573928296,3.135864164296369,-0.8369848191139135,-0.14327365670721773,1.0000000000000002e-06,0.213213196147789,0.1269713543261232,-14.759015997559592]",c0*x**3 + c1*sin(c2*t + c3) + c4*v + c5*cos(c6*x) + c7*v**3 + c8*exp(c9*v**2),0,0,1,0,0,1,0,0,1
PO27,opus-4-6,degen_mutator2,0,0,0,0,0,0,0,0,0,2.73323145189e-09,3.05032859996e-09,3.51880756559e-09,0.0022479553675,0.0142132886937,0,1,1,0,0,1,0,0,1,logs/llm-srbench/degen_mutator2/opus-4-6/PO27.txt,,0,high_precision_refit_from_existing_params,SA=0: min train_nmse among all candidates,c0;c1;c2;c3;c4;c5;c6;c7;c8;c9,"[-0.9672539447770861,0.6686581273521879,0.9999997599393436,4.712354086831675,0.10344315327726915,-0.05781241553673541,-9.521402603465015,-2.5185633756233075e-07,-0.041369393499609566,80.31204948992087]",c0*v + c1*cos(c2*t + c3) + c4*v**3 + c5*v*exp(c6*v**2) + c7*x + c8*v/(c9*v**2 + 1),1,1,1,1,1,1,1,1,1
PO28,opus-4-6,degen_mutator2,1,1,1,1,1,1,1,1,1,2.77944368366e-12,2.55872589693e-12,0.478671906585,4.86830844369,1.89305037227,0,0,0,0,0,0,0,0,0,logs/llm-srbench/degen_mutator2/opus-4-6/PO28.txt,,1,high_precision_refit_from_existing_params,SA=1: min train_nmse among matching logs,c0;c1;c2;c3;c4;c5;c6;c7;c8,"[-6.87619081606547,-3.4380906353143614,-1.8997466909431018,-0.06600027417433775,0.3333333333333333,3.6731686223481337e-05,3.119736478822244,0.040246407578058675,4.999999999999989]",c0*x + c1*x**3 + c2*v + c3*x*Abs(v)**c4 + c5*sin(c6 + c7*log(c8*Abs(x) + 1)),0,0,0,0,0,0,0,0,0
PO29,opus-4-6,degen_mutator2,0,0,0,0,0,0,0,0,0,2.76686029102e-15,1.72863626644e-15,1.71443458143e-15,1.5705185477e-05,3.64286868086e-06,1,1,1,1,1,1,1,1,1,logs/llm-srbench/degen_mutator2/opus-4-6/PO29.txt,,0,high_precision_refit_from_existing_params,SA=0: min train_nmse among all candidates,c0;c1;c2;c3;c4;c5;c6;c7;c8,"[-2.0527231924469334,-1.4716230087444508,0.43167367048545624,-0.43167370776157044,1503.0350485397898,3.0054400114932967e-05,3.1412060357368192,5.887605128773202e-09,-1.93353608307602e-09]",c0*x + c1*x**3 + c2*v*x**2 + c3*v + c4*x*sin(c5*t + c6) + c7*x**5 + c8*x**2,1,1,1,1,1,1,1,1,1
PO30,opus-4-6,degen_mutator2,0,0,0,0,0,0,0,0,0,9.06326897322e-14,8.22917333715e-14,4.28958252483e-09,0.000478750946148,1.30827322647e-05,1,1,1,1,1,1,1,1,1,logs/llm-srbench/degen_mutator2/opus-4-6/PO30.txt,,0,high_precision_refit_from_existing_params,SA=0: min train_nmse among all candidates,c0;c1;c2;c3;c4;c5;c6;c7;c8,"[-3.997655333899204,-0.1959290653154013,-0.19593191275699431,-6.559364634622027e-05,0.03263345923506387,-0.0004469476949908806,-0.05544019239260665,-0.0013586249723716707,-0.0015765878576353065]",c0*x**3 + c1*v + c2*v*x + c3*v*Abs(v) + c4*v*x**3 + c5*v**3*Abs(v) + c6*v**3 + c7*v**5 + c8*v*x**5,1,1,1,1,1,1,1,1,1
PO31,opus-4-6,degen_mutator2,1,1,1,1,1,1,1,1,1,2.26367772991e-15,2.06366130708e-15,2.20449356377e-15,1.075701455e-07,1.2372181566e-07,1,1,1,1,1,1,1,1,1,logs/llm-srbench/degen_mutator2/opus-4-6/PO31.txt,,1,high_precision_refit_from_existing_params,SA=1: min train_nmse among matching logs,c0;c1;c2;c3;c4,"[-1.6818699364038348,-1.681869903890908,-0.07368355419190492,-9.523429814856587e-09,0.15796431940204753]",c0*x + c1*x**3 + c2*x*Abs(v)**(1/3) + c3*x*cos(c4*t),1,1,1,1,1,1,1,1,1
PO32,opus-4-6,degen_mutator2,1,1,1,1,1,1,1,1,1,8.46831103922e-14,7.42000959523e-14,2.3062909214e-13,0.000258516504575,0.000283187739545,1,1,1,1,1,1,1,1,1,logs/llm-srbench/degen_mutator2/opus-4-6/PO32.txt,,1,high_precision_refit_from_existing_params,SA=1: min train_nmse among matching logs,c0;c1;c2;c3;c4;c5;c6;c7;c8;c9,"[-2.9429090626471703,0.5691107231331226,2.6332766170512947e-08,0.999999996400611,-2.5786578475284956e-09,-0.09070483401113813,-0.5944751351711113,-0.9999953304944251,2.4184812222550226e-06,-0.022335424593167487]",c0*x**3 + c1*sin(c2 + c3*t) + c4 + c5*v**3 + c6*v*exp(c7*Abs(v)) + c8*v*exp(c9*x**2),1,1,1,1,1,1,1,1,1
PO33,opus-4-6,degen_mutator2,0,0,0,0,0,0,0,0,0,1.05171854641e-11,6.64051761317e-12,0.344000025994,2.20529591194,2.82168379007,0,0,0,0,0,0,0,0,0,logs/llm-srbench/degen_mutator2/opus-4-6/PO33.txt,,0,high_precision_refit_from_existing_params,SA=0: min train_nmse among all candidates,c0;c1;c2;c3;c4;c5;c6;c7;c8,"[14.676489699226158,-2.333205234305395,0.45991449965320375,618.9307896333198,0.0002339447348382238,1.6025906680954716,1.6845021052739508e-06,0.052493833426677315,-1.778601936218319]",c0*x + c1*v + c2*v**3 + c3*x*cos(c4*t + c5) + c6*cos(c7*t + c8),0,0,0,0,0,0,0,0,0
PO34,opus-4-6,degen_mutator2,1,1,1,1,1,1,1,1,1,3.18994976262e-12,3.52998297193e-12,2.72130352096,1.30546857202,0.819443280062,0,0,0,0,0,0,0,0,0,logs/llm-srbench/degen_mutator2/opus-4-6/PO34.txt,,1,high_precision_refit_from_existing_params,SA=1: min train_nmse among matching logs,c0;c1;c2;c3;c4;c5;c6,"[-2.440771449160358,-1.7583746033727081,0.7210043623644032,-0.03761893344102334,-9.202951481925372e-07,0.03233051186176456,2.9466252028513513]",c0*x + c1*v + c2*v**3 + c3*x*Abs(v)**(1/3) + c4*sin(c5*t + c6),0,0,0,0,0,0,0,0,0
PO35,opus-4-6,degen_mutator2,0,0,0,0,0,0,0,0,0,7.85341464457e-11,6.97084405436e-11,1.53457139155e-09,0.0132034014809,0.00849347603258,0,0,1,0,1,1,0,0,1,logs/llm-srbench/degen_mutator2/opus-4-6/PO35.txt,,0,high_precision_refit_from_existing_params,SA=0: min train_nmse among all candidates,c0;c1;c2;c3;c4;c5;c6;c7;c8;c9,"[-3.427854026449971,-0.888651770591631,-0.10029979959942394,1.0000011329908367,3.1416095184800445,0.0009688169356978596,-0.11997397774677458,0.1466910331494898,-7.401701041018542e-06,-0.00666876382294719]",c0*x + c1*v + c2*sin(c3*t + c4) + c5*v*Abs(v) + c6*x*Abs(v)**(1/3) + c7*v**3 + c8*x**3 + c9*v**5,1,1,1,1,1,1,1,1,1
PO36,opus-4-6,degen_mutator2,1,1,1,1,1,1,1,1,1,2.87252502201e-13,2.61640224329e-13,9.16489578679e-13,7.80271567273e-05,0.000792501637294,1,1,1,1,1,1,1,1,1,logs/llm-srbench/degen_mutator2/opus-4-6/PO36.txt,,?,high_precision_refit_from_existing_params,SA=1: min train_nmse among matching logs (fallback all candidates),c0;c1;c2;c3;c4;c5;c6;c7,"[0.15606262134634633,0.9999999943028646,-1.5707963000568244,-0.3729476353861704,-0.9999993631161163,9.117471670100282e-08,0.17187660880208835,-1.044867959523893]",c0*cos(c1*t + c2) + c3*v*exp(c4*x) + c5*v*cos(c6*t + c7),1,1,1,1,1,1,1,1,1
PO37,opus-4-6,degen_mutator2,0,0,0,0,0,0,0,0,0,1.77460989766e-06,1.47947951336e-06,2.84161012128e-07,0.131539199076,0.195034832388,0,0,0,0,0,0,0,0,0,logs/llm-srbench/degen_mutator2/opus-4-6/PO37.txt,,0,high_precision_refit_from_existing_params,SA=0: min train_nmse among all candidates,c0;c1;c2;c3;c4;c5;c6;c7;c8;c9,"[922.7795920469252,-0.01079541517230628,-1.9219688342453385,0.7167757340862057,0.9999675442310596,0.0026057116246777034,2255.148465099027,6.781496615643536e-05,3.563993871880354,0.038625192343879344]",c0*x + c1*x**3 + c2*v + c3*sin(c4*t + c5) + c6*x*sin(c7*t + c8) + c9*v**2*x,0,0,1,0,1,1,0,0,1
PO38,opus-4-6,degen_mutator2,0,0,0,0,0,0,0,0,0,3.94796097753e-08,3.58225040808e-08,4.12045652463e-05,0.367915852787,0.510006703319,0,0,0,0,0,0,0,0,0,logs/llm-srbench/degen_mutator2/opus-4-6/PO38.txt,,0,high_precision_refit_from_existing_params,SA=0: min train_nmse among all candidates,c0;c1;c2;c3;c4;c5;c6;c7;c8;c9,"[-3.077091361123662,-0.3376643635156597,0.19566727820079702,2.6776894515072267,2.3333333333333335,-1.1768059219678775,0.02238091175660532,0.33264131469423536,-0.3333333333333333,2.9188188828287847]",c0*x + c1*v + c2*v*x**2 + c3*x**c4 + c5*x**3 + c6*v**3 + c7*x**c8*log(c9*x**2 + 1),0,0,1,0,0,1,0,0,1
PO39,opus-4-6,degen_mutator2,1,1,1,1,1,1,1,1,1,3.08437337638e-13,3.27510885123e-13,1.19710067359e-12,0.00696113617085,0.000512198142632,0,1,1,1,1,1,0,1,1,logs/llm-srbench/degen_mutator2/opus-4-6/PO39.txt,,?,high_precision_refit_from_existing_params,SA=1: min train_nmse among matching logs (fallback all candidates),c0;c1;c2;c3;c4;c5;c6;c7;c8;c9,"[-0.3852302431547134,0.9999999954196601,3.141592671659864,-0.33258854794060966,6.180192973142006e-08,0.2140080506924971,-2.0125102908697445,0.2736273559589293,-0.11144334962256075,-0.9999994951940725]",c0*sin(c1*t + c2) + c3*v + c4*v*cos(c5*t + c6) + c7*v**3 + c8*v*exp(c9*x),1,1,1,1,1,1,1,1,1
PO40,opus-4-6,degen_mutator2,1,1,1,1,1,1,1,1,1,3.20236049771e-15,2.8873376298e-15,5.02137912272e-15,4.0255380122e-06,1.22231996448e-05,1,1,1,1,1,1,1,1,1,logs/llm-srbench/degen_mutator2/opus-4-6/PO40.txt,,1,high_precision_refit_from_existing_params,SA=1: min train_nmse among matching logs,c0;c1;c2;c3;c4;c5;c6;c7;c8;c9,"[-6.785709523711328,-3.392854823368404,5.484734565743617e-10,4.51698300564742e-08,1.3333333333333333,-0.5232871588536875,0.9999999957903822,1.5707963764751969,-0.7105409458886278,-0.2648594675762351]",c0*x + c1*x**3 + c2*v**2 + c3*v**c4*x + c5*cos(c6*t + c7) + c8*Abs(v)**(1/3) + c9*x*Abs(v)**(1/3),1,1,1,1,1,1,1,1,1
PO41,opus-4-6,degen_mutator2,1,1,1,1,1,1,1,1,1,1.55532940263e-14,1.08491828466e-15,6.79323764943e-07,4.7901528985e-06,0.0179552249652,1,1,1,0,0,1,0,0,1,logs/llm-srbench/degen_mutator2/opus-4-6/PO41.txt,,1,high_precision_refit_from_existing_params,SA=1: min train_nmse among matching logs,c0;c1;c2;c3;c4;c5;c6,"[0.2465828219236201,-0.49316563172657596,-1.1676996311851506,-1.0000000038598278,0.24658284936166644,-3.3700448668624866e-07,-2.5706823111933215]",c0*v*x**2 + c1*v + c2*x*exp(c3*Abs(x)) + c4*v*x**2 + c5*v*x**4*exp(c6*x**2),1,1,1,1,1,1,1,1,1
PO42,opus-4-6,degen_mutator2,0,0,0,0,0,0,0,0,0,1.31389469864e-12,1.52599138935e-12,1.0971465574e-11,0.000253085336834,0.00511860450097,1,1,1,0,1,1,0,1,1,logs/llm-srbench/degen_mutator2/opus-4-6/PO42.txt,,0,high_precision_refit_from_existing_params,SA=0: min train_nmse among all candidates,c0;c1;c2;c3;c4;c5;c6;c7;c8,"[-1.2987325484042576,0.24197815606601847,-0.03135066400951779,0.3836705955897594,0.9999999984882999,-1.5707963421593165,-0.7318138174107839,-0.11186906870935016,-0.3309258413560653]",c0*v + c1*v*x**2 + c2*v**3 + c3*cos(c4*t + c5) + c6*v*x + c7*v*x**2*exp(c8*x**2),1,1,1,1,1,1,1,1,1
PO43,opus-4-6,degen_mutator2,0,0,0,0,0,0,0,0,0,1.52336231347e-05,1.60595350955e-05,4.3676246353e-05,1.25659504821,6.81830061339,0,0,0,0,0,0,0,0,0,logs/llm-srbench/degen_mutator2/opus-4-6/PO43.txt,,0,high_precision_refit_from_existing_params,SA=0: min train_nmse among all candidates,c0;c1;c2;c3;c4;c5;c6;c7;c8;c9,"[-4.0127,0.19667,-1.4982,0.26446,0.99997,6.2831,2.3845,1.6667,0.67776,-0.34036]",c0*x + c1*x**3 + c2*v + c3*sin(c4*t + c5) + c6*x**c7 + c8*v*x**3 + c9*v*x,0,0,1,0,0,1,0,0,1
PO_all,opus-4-6,degen_mutator2,20/44,22/44,23/44,23/44,24/44,23/44,23/44,23/44,23/44,6.87113184659e-13,7.23322313729e-13,3.10374237306e-09,0.00604785202711,0.00831956574169,18/44,23/44,28/44,19/44,23/44,30/44,15/44,20/44,27/44,,,,aggregate row; no single NMSE,combined aggregate row,,[],,27/44,31/44,35/44,25/44,31/44,35/44,25/44,30/44,34/44
Total_all,opus-4-6,degen_mutator2,50/129,65/129,71/129,84/129,86/129,73/129,71/129,74/129,75/129,2.43435660029e-13,2.05534078057e-13,2.52381473801e-09,0.000327035962336,0.000297612846055,71/129,83/129,108/129,80/129,95/129,113/129,65/129,78/129,107/129,,,,aggregate row; no single NMSE,combined aggregate row,,[],,106/129,114/129,118/129,104/129,113/129,118/129,102/129,112/129,117/129
