test_case,model,task,SA@50,SA@1,SA@5,SA@10,SA@All,pareto_occam@5,mdl@5,pareto_occam@10,mdl@10,train_nmse,test_nmse,ood_nmse,test_max_rel_error,ood_max_rel_error,test_Acc0.001,test_Acc0.01,test_Acc0.1,ood_Acc0.001,ood_Acc0.01,ood_Acc0.1,both_Acc0.001,both_Acc0.01,both_Acc0.1,source_file,candidate_index,source_status,metric_status,selection_rule,param_names,best_params_json,preview,test_95pctAcc0.001,test_95pctAcc0.01,test_95pctAcc0.1,ood_95pctAcc0.001,ood_95pctAcc0.01,ood_95pctAcc0.1,both_95pctAcc0.001,both_95pctAcc0.01,both_95pctAcc0.1
BPG0,ground_truth,gt,1,1,1,1,1,,,,,1.53915887137e-13,1.32042720654e-13,1.51515009828e-09,0.0167997178417,0.00725388712115,0,0,1,0,1,1,0,0,1,datasets/llm-srbench/gt_expressions.csv,,1,ground_truth_recomputed,ground_truth_expression,c0;c1;c2;c3;c4,"[0.9539969835279999,1.0,96.90688297671034,0.9539969835279999,0.333333333333333]",c0*(c1 - P/c2)*P + c3*P**c4,1,1,1,1,1,1,1,1,1
BPG1,ground_truth,gt,1,1,1,1,1,,,,,5.18024000756e-15,5.33689254436e-15,6.46197120875e-13,1.11423831786e-07,1.13098040514e-07,1,1,1,1,1,1,1,1,1,datasets/llm-srbench/gt_expressions.csv,,1,ground_truth_recomputed,ground_truth_expression,c0;c1;c2;c3;c4;c5,"[0.3156057016002752,0.05405074842498068,0.3156057016002752,2.0,9.870854086995406,1.0]",c0*P*exp(-c1*t) + c2*P**c3/(c4*P + c5),1,1,1,1,1,1,1,1,1
BPG2,ground_truth,gt,1,1,1,1,1,,,,,6.20350650078e-13,5.07228674026e-13,6.68748329731e-13,0.00139523073047,3.18827479774e-05,0,1,1,1,1,1,0,1,1,datasets/llm-srbench/gt_expressions.csv,,1,ground_truth_recomputed,ground_truth_expression,c0;c1;c2;c3,"[0.2569297861044923,0.7218439642922193,0.1149290460350705,0.03038461976781442]",c0*P*sin(c1*t) + c2*P*exp(-c3*t),1,1,1,1,1,1,1,1,1
BPG3,ground_truth,gt,1,1,1,1,1,,,,,3.14147888384e-12,4.4173204581e-12,0.280460974586,0.509261838033,0.519213415373,0,0,0,0,0,0,0,0,0,datasets/llm-srbench/gt_expressions.csv,,1,ground_truth_recomputed,ground_truth_expression,c0;c1;c2;c3;c4;c5;c6;c7,"[0.8450821034088298,1.0,5.115386454523557,1.0,34.43886242377677,0.8450821034088298,1.0,0.09687266473516928]",c0*(-c1 + P/c2)*(c3 - P/c4)*P + c5*(c6 - exp(-c7*P))*P,0,0,0,0,0,0,0,0,0
BPG4,ground_truth,gt,1,1,1,1,1,,,,,5.20395783596e-14,5.36036715838e-14,5.62288960278e-07,0.0112743078514,0.00105099094115,0,0,1,0,1,1,0,0,1,datasets/llm-srbench/gt_expressions.csv,,1,ground_truth_recomputed,ground_truth_expression,c0;c1;c2;c3;c4;c5;c6,"[0.1727856699554779,1.0,48.5483027446097,0.1727856699554779,1.0,1.523742359575992,0.9236923548638324]",c0*(c1 - P/c2)*P + c3*P/(c4 + exp(-c5*(-c6 + P))),1,1,1,1,1,1,1,1,1
BPG5,ground_truth,gt,1,1,1,1,1,,,,,1.8206778161e-13,1.53362228204e-13,3.06554186675e-09,0.0370154032752,0.0199363790785,0,0,1,0,0,1,0,0,1,datasets/llm-srbench/gt_expressions.csv,,1,ground_truth_recomputed,ground_truth_expression,c0;c1;c2;c3;c4;c5;c6,"[0.9198344660444582,1.0,84.0283518630852,0.9198344660444582,2.0,7.531475575495239,1.0]",c0*(c1 - P/c2)*P + c3*P**c4/(c5*P + c6),1,1,1,1,1,1,1,1,1
BPG6,ground_truth,gt,1,1,1,1,1,,,,,1.26128413666e-15,6.20267604704e-15,4.49624711313e-09,0.00655069587463,0.00739776501169,0,1,1,0,1,1,0,1,1,datasets/llm-srbench/gt_expressions.csv,,1,ground_truth_recomputed,ground_truth_expression,c0;c1;c2;c3;c4;c5;c6;c7,"[6.216849410245645,1.412751397641697,0.8578822735168387,1.0,79.20259671838578,0.8578822735168387,0.333333333333333,0.8578822735168387]",-c0*c1*P + c2*(c3 - P/c4)*P + c5*P**c6 + c7*P,1,1,1,1,1,1,1,1,1
BPG7,ground_truth,gt,1,1,1,1,1,,,,,3.77732110039e-13,2.62078579443e-13,5.38779651779e-09,0.00614929531698,0.00454585612144,0,1,1,0,1,1,0,1,1,datasets/llm-srbench/gt_expressions.csv,,1,ground_truth_recomputed,ground_truth_expression,c0;c1;c2;c3;c4;c5;c6;c7;c8;c9,"[0.7213553457664288,1.0,6.65110350541817,1.0,13.53809258569891,0.7213553457664288,1.0,13.53809258569891,0.7213553457664288,0.333333333333333]",c0*(-c1 + P/c2)*(c3 - P/c4)*P + c5*(c6 - P/c7)*P + c8*P**c9,1,1,1,1,1,1,1,1,1
BPG8,ground_truth,gt,1,1,1,1,1,,,,,4.83904577861e-13,5.41662018296e-13,6.78454449143e-09,0.0132860123949,0.0436719725231,0,0,1,0,0,1,0,0,1,datasets/llm-srbench/gt_expressions.csv,,1,ground_truth_recomputed,ground_truth_expression,c0;c1;c2;c3;c4;c5,"[0.9909642091509507,1.0,39.01184604772507,0.9909642091509507,0.333333333333333,0.9909642091509507]",c0*(c1 - P/c2)*P + c3*P**c4 + c5*P,1,1,1,1,1,1,1,1,1
BPG9,ground_truth,gt,1,1,1,1,1,,,,,7.93245929296e-13,6.14120521434e-13,3.34814607466e-09,0.0160349252637,0.00507805963087,0,0,1,0,1,1,0,0,1,datasets/llm-srbench/gt_expressions.csv,,1,ground_truth_recomputed,ground_truth_expression,c0;c1;c2;c3;c4;c5;c6;c7;c8;c9;c10,"[0.1699888096710614,1.0,1.047284367025464,1.0,10.21054515632004,0.1699888096710614,1.0,10.21054515632004,0.1699888096710614,1.0,0.09709294493863778]",c0*(-c1 + P/c2)*(c3 - P/c4)*P + c5*(c6 - P/c7)*P + c8*(c9 - exp(-c10*P))*P,1,1,1,1,1,1,1,1,1
BPG10,ground_truth,gt,1,1,1,1,1,,,,,1.81411676734e-15,2.12256456854e-15,3.99823765816e-14,9.28614293182e-08,1.02991512399e-07,1,1,1,1,1,1,1,1,1,datasets/llm-srbench/gt_expressions.csv,,1,ground_truth_recomputed,ground_truth_expression,c0;c1;c2,"[0.1010081003320985,0.333333333333333,0.1010081003320985]",c0*P**c1 + c2*P,1,1,1,1,1,1,1,1,1
BPG11,ground_truth,gt,1,1,1,1,1,,,,,7.76879750193e-14,8.34788412184e-14,7.62143051271e-09,0.00072187642258,1.16472670919e-05,1,1,1,1,1,1,1,1,1,datasets/llm-srbench/gt_expressions.csv,,1,ground_truth_recomputed,ground_truth_expression,c0;c1;c2;c3;c4;c5;c6,"[0.7124493718672418,1.0,68.90600928530216,0.7124493718672418,0.333333333333333,0.7124493718672418,0.03459335742983884]",c0*(c1 - P/c2)*P + c3*P**c4 + c5*P*exp(-c6*t),1,1,1,1,1,1,1,1,1
BPG12,ground_truth,gt,1,1,1,1,1,,,,,6.88524132965e-13,6.72635591766e-13,1.50290690744e-12,0.000170947120852,0.000573114159592,1,1,1,1,1,1,1,1,1,datasets/llm-srbench/gt_expressions.csv,,1,ground_truth_recomputed,ground_truth_expression,c0;c1;c2;c3;c4,"[0.8770002846146427,0.5671736066225963,0.7013915186995147,1.0,65.7541311408653]",c0*P*sin(c1*t) + c2*(c3 - P/c4)*P,1,1,1,1,1,1,1,1,1
BPG13,ground_truth,gt,1,1,1,1,1,,,,,6.57643721853e-13,6.50676771253e-13,1.59582560317e-08,0.0160587103254,0.0227391316765,0,0,1,0,0,1,0,0,1,datasets/llm-srbench/gt_expressions.csv,,1,ground_truth_recomputed,ground_truth_expression,c0;c1;c2;c3;c4;c5;c6;c7;c8;c9,"[0.2010739099700973,1.0,5.636576533003584,1.0,10.23256133604841,0.2010739099700973,0.2010739099700973,1.0,5.636576533003584,0.6341847122108325]",c0*(-c1 + P/c2)*(c3 - P/c4)*P + c5*P + c6*P/(c7 + exp(-c8*(-c9 + P))),1,1,1,1,1,1,1,1,1
BPG14,ground_truth,gt,1,1,1,1,1,,,,,4.07175181722e-14,3.62803434784e-14,1.54301845513e-08,0.000534306380137,2.48118732049e-05,1,1,1,1,1,1,1,1,1,datasets/llm-srbench/gt_expressions.csv,,1,ground_truth_recomputed,ground_truth_expression,c0;c1;c2;c3;c4;c5;c6;c7,"[0.1142389825890242,1.0,40.69810220267985,0.1142389825890242,1.0,0.08368363514073095,0.1142389825890242,0.08368363514073095]",c0*(c1 - P/c2)*P + c3*(c4 - exp(-c5*P))*P + c6*P*exp(-c7*t),1,1,1,1,1,1,1,1,1
BPG15,ground_truth,gt,1,1,1,1,1,,,,,2.13001098674e-14,2.09504427034e-14,9.13450143878e-13,1.95978665759e-07,1.22660293654e-07,1,1,1,1,1,1,1,1,1,datasets/llm-srbench/gt_expressions.csv,,1,ground_truth_recomputed,ground_truth_expression,c0;c1;c2;c3,"[0.4866911314650416,0.333333333333333,0.4866911314650416,0.08577402101126279]",c0*P**c1 + c2*P*exp(-c3*t),1,1,1,1,1,1,1,1,1
BPG16,ground_truth,gt,1,1,1,1,1,,,,,1.77323537016e-12,2.84482398947e-12,4.70485737327e-09,0.0393845782303,0.0163443354708,0,0,1,0,0,1,0,0,1,datasets/llm-srbench/gt_expressions.csv,,1,ground_truth_recomputed,ground_truth_expression,c0;c1;c2;c3;c4;c5;c6;c7,"[0.8677806610632854,1.0,6.057935627201261,1.0,14.18505277960589,0.8677806610632854,0.333333333333333,0.8677806610632854]",c0*(-c1 + P/c2)*(c3 - P/c4)*P + c5*P**c6 + c7*P,1,1,1,1,1,1,1,1,1
BPG17,ground_truth,gt,1,1,1,1,1,,,,,5.86196327226e-14,5.8436738745e-14,8.96446884957e-07,0.00083126919388,0.00036953489373,1,1,1,1,1,1,1,1,1,datasets/llm-srbench/gt_expressions.csv,,1,ground_truth_recomputed,ground_truth_expression,c0;c1;c2;c3;c4;c5;c6,"[0.768873878858443,1.0,8.670374869520632,1.0,14.33285523805181,0.768873878858443,0.333333333333333]",c0*(-c1 + P/c2)*(c3 - P/c4)*P + c5*P**c6,1,1,1,1,1,1,1,1,1
BPG18,ground_truth,gt,1,1,1,1,1,,,,,1.02099513992e-12,1.14845914644e-12,1.74287746108e-12,0.000291657956128,0.00137632923439,1,1,1,0,1,1,0,1,1,datasets/llm-srbench/gt_expressions.csv,,1,ground_truth_recomputed,ground_truth_expression,c0;c1;c2;c3;c4;c5,"[0.4770530111687279,0.7760602430275763,0.4454549947404816,1.0,51.06128580599878,0.4454549947404816]",c0*P*sin(c1*t) + c2*(c3 - P/c4)*P + c5*P,1,1,1,1,1,1,1,1,1
BPG19,ground_truth,gt,1,1,1,1,1,,,,,8.9588739723e-14,9.64406754923e-14,1.15608662058e-08,0.00367437862522,0.0349967133895,0,1,1,0,0,1,0,0,1,datasets/llm-srbench/gt_expressions.csv,,1,ground_truth_recomputed,ground_truth_expression,c0;c1;c2;c3;c4,"[0.4205670824058347,1.0,84.4133476416777,0.4205670824058347,2.59453832744679]",c0*(c1 - P/c2)*P + c3*P/t**c4,1,1,1,0,1,1,0,1,1
BPG20,ground_truth,gt,1,1,1,1,1,,,,,5.73060474995e-13,6.29663532686e-13,3.44179981821e-09,0.0119880756166,0.0322539509664,0,0,1,0,0,1,0,0,1,datasets/llm-srbench/gt_expressions.csv,,1,ground_truth_recomputed,ground_truth_expression,c0;c1;c2;c3;c4;c5;c6;c7;c8;c9;c10;c11,"[0.1387062566802456,1.0,8.038138014396704,1.0,70.01799944958296,0.1387062566802456,1.0,70.01799944958296,0.1387062566802456,1.0,8.038138014396704,0.5894251550796137]",c0*(-c1 + P/c2)*(c3 - P/c4)*P + c5*(c6 - P/c7)*P + c8*P/(c9 + exp(-c10*(-c11 + P))),1,1,1,1,1,1,1,1,1
BPG21,ground_truth,gt,1,1,1,1,1,,,,,2.66607714476e-15,2.82570369773e-15,2.19685603736e-14,1.66988201237e-06,9.57365208624e-08,1,1,1,1,1,1,1,1,1,datasets/llm-srbench/gt_expressions.csv,,1,ground_truth_recomputed,ground_truth_expression,c0;c1;c2;c3;c4;c5;c6,"[0.1404201690960543,1.0,4.532123676065321,1.0,78.49071311458529,0.1404201690960543,4.532123676065321]",c0*(-c1 + P/c2)*(c3 - P/c4)*P + c5*P/t**c6,1,1,1,1,1,1,1,1,1
BPG22,ground_truth,gt,1,1,1,1,1,,,,,1.88608532927e-15,1.83030640098e-15,2.44906694581e-14,1.0642453339e-07,1.1548569811e-07,1,1,1,1,1,1,1,1,1,datasets/llm-srbench/gt_expressions.csv,,1,ground_truth_recomputed,ground_truth_expression,c0;c1;c2;c3;c4,"[0.1178160925125289,1.0,0.02722849124495882,0.1178160925125289,0.02722849124495882]",c0*(c1 - exp(-c2*P))*P + c3*P*exp(-c4*t),1,1,1,1,1,1,1,1,1
BPG23,ground_truth,gt,1,1,1,1,1,,,,,4.1476671604e-13,6.54679620142e-13,1.13638043003e-08,0.0708016971371,0.0387244390339,0,0,1,0,0,1,0,0,1,datasets/llm-srbench/gt_expressions.csv,,1,ground_truth_recomputed,ground_truth_expression,c0;c1;c2;c3;c4;c5,"[0.5980421690791728,1.0,32.93940240233941,0.5980421690791728,1.0,0.07682777495563793]",c0*(c1 - P/c2)*P + c3*(c4 - exp(-c5*P))*P,1,1,1,0,1,1,0,1,1
BPG_all,ground_truth,gt,24/24,24/24,24/24,24/24,24/24,0/24,0/24,0/24,0/24,1.67991834374e-13,1.42702474429e-13,3.96902346567e-09,0.0049118369711,0.00296109267791,10/24,14/24,23/24,10/24,16/24,23/24,9/24,13/24,23/24,,,,aggregate row; no single NMSE,combined aggregate row,,[],,23/24,23/24,23/24,21/24,23/24,23/24,21/24,23/24,23/24
CRK0,ground_truth,gt,1,1,1,1,1,,,,,2.78276181875e-12,1.99340766779e-12,1.02168229905e-08,0.0226305726381,0.000297490038914,0,0,1,1,1,1,0,0,1,datasets/llm-srbench/gt_expressions.csv,,1,ground_truth_recomputed,ground_truth_expression,c0;c1;c2;c3;c4;c5;c6;_z,"[0.1899774242362026,2.0,0.1899774242362026,2.0,0.7497988950401423,4.0,1.0,2.420681702737336]",-c0*A**c1 + c2*_z*A**c3/(c4*A**c5 + c6),1,1,1,1,1,1,1,1,1
CRK1,ground_truth,gt,1,1,1,1,1,,,,,2.70112428438e-13,2.28467211608e-13,1.02685964811e-08,0.038643771072,0.00569218063333,0,0,1,0,1,1,0,0,1,datasets/llm-srbench/gt_expressions.csv,,1,ground_truth_recomputed,ground_truth_expression,c0;c1;c2;c3;c4;_w,"[0.7725880991236428,2.0,0.7725880991236428,0.7725880991236428,1.0,0.958088480549789]",-c0*A**c1 - c2*A + c3*_w*cos(log(A + c4)),1,1,1,1,1,1,1,1,1
CRK2,ground_truth,gt,1,1,1,1,1,,,,,4.46469504743e-11,4.99639644044e-11,1.5913597073e-08,0.00557675175483,0.000411409787754,0,1,1,1,1,1,0,1,1,datasets/llm-srbench/gt_expressions.csv,,1,ground_truth_recomputed,ground_truth_expression,c0;c1;c2;_w,"[0.1949448338472435,0.1949448338472435,1.0,1.27313077735288]",-c0*A + c1*_w*cos(log(A + c2)),1,1,1,1,1,1,1,1,1
CRK3,ground_truth,gt,1,1,1,1,1,,,,,3.50371315198e-13,3.52714085742e-13,2.07306051222e-09,3.31790711649e-05,3.30834887997e-05,1,1,1,1,1,1,1,1,1,datasets/llm-srbench/gt_expressions.csv,,1,ground_truth_recomputed,ground_truth_expression,c0;c1;c2;c3;c4;c5;_s;_w,"[0.547523655303147,2.0,0.547523655303147,0.547523655303147,0.547523655303147,1.0,0.06772136273434093,1.287473124298832]",-c0*A**c1 - c2*A*exp(-c3*_s*t) + c4*_w*cos(log(A + c5)),1,1,1,1,1,1,1,1,1
CRK4,ground_truth,gt,1,1,1,1,1,,,,,2.81966731514e-14,2.1318269524e-14,1.78539404263e-10,4.58601763215e-06,1.10497990112e-06,1,1,1,1,1,1,1,1,1,datasets/llm-srbench/gt_expressions.csv,,1,ground_truth_recomputed,ground_truth_expression,c0;c1;c2;c3;c4;_q,"[0.1149290460350705,2.0,0.1149290460350705,0.2569297861044923,1.0,0.5922397640265036]",-c0*A**c1 + c2*_q*A*log(c3*t + c4),1,1,1,1,1,1,1,1,1
CRK5,ground_truth,gt,1,1,1,1,1,,,,,2.27174607929e-14,2.34582472397e-14,3.13116442771e-12,8.68121360384e-08,9.57240995993e-08,1,1,1,1,1,1,1,1,1,datasets/llm-srbench/gt_expressions.csv,,1,ground_truth_recomputed,ground_truth_expression,c0;c1;c2;_f,"[0.3254156367450257,0.3254156367450257,0.333333333333333,1.607021923755526]",-c0*sqrt(A) + c1*_f*A**c2,1,1,1,1,1,1,1,1,1
CRK6,ground_truth,gt,1,1,1,1,1,,,,,2.32661087487e-13,2.80770938268e-13,1.61939922474e-10,2.14358979622e-06,3.16302521439e-06,1,1,1,1,1,1,1,1,1,datasets/llm-srbench/gt_expressions.csv,,1,ground_truth_recomputed,ground_truth_expression,c0;c1;c2;_m;_s,"[0.4465879557417327,0.4465879557417327,0.4465879557417327,2.219156277024679,0.1939199197113028]",-c0*A*exp(-c1*_s*t) + c2*_m*sin(sqrt(A)),1,1,1,1,1,1,1,1,1
CRK7,ground_truth,gt,1,1,1,1,1,,,,,1.24465341377e-12,1.39004746237e-12,6.18125668753e-11,5.70025960333e-06,1.69232872887e-06,1,1,1,1,1,1,1,1,1,datasets/llm-srbench/gt_expressions.csv,,1,ground_truth_recomputed,ground_truth_expression,c0;c1;c2;c3;_s;_w,"[0.731770189531933,0.731770189531933,0.731770189531933,1.0,0.1115395810520259,1.148366682601806]",-c0*A*exp(-c1*_s*t) + c2*_w*cos(log(A + c3)),1,1,1,1,1,1,1,1,1
CRK8,ground_truth,gt,1,1,1,1,1,,,,,8.70854289017e-13,6.68799617046e-13,0.0576192956107,0.40816848923,0.0463711913312,0,0,0,0,0,1,0,0,0,datasets/llm-srbench/gt_expressions.csv,,1,ground_truth_recomputed,ground_truth_expression,c0;c1;c2;c3;c4;_t,"[0.6789593965981179,2.0,0.6789593965981179,0.6789593965981179,1.0,0.2416488906253854]",-c0*A**c1 - c2*A + c3*_t*sin(log(A + c4)),0,0,0,0,0,1,0,0,0
CRK9,ground_truth,gt,1,1,1,1,1,,,,,1.34327473317e-13,1.38557230365e-13,2.77374404539e-08,0.0269889045557,0.0351713656532,0,0,1,0,0,1,0,0,1,datasets/llm-srbench/gt_expressions.csv,,1,ground_truth_recomputed,ground_truth_expression,c0;c1;c2;_w,"[0.2596955894017505,0.2596955894017505,1.0,3.512949976548061]",-c0*sqrt(A) + c1*_w*cos(log(A + c2)),1,1,1,1,1,1,1,1,1
CRK10,ground_truth,gt,1,1,1,1,1,,,,,1.72797516605e-13,2.05821959674e-13,2.18741982822e-08,0.0255069753097,0.000414576673199,0,0,1,1,1,1,0,0,1,datasets/llm-srbench/gt_expressions.csv,,1,ground_truth_recomputed,ground_truth_expression,c0;c1;c2;c3;_t,"[0.1749559700757337,2.0,0.1749559700757337,1.0,3.379845758334442]",-c0*A**c1 + c2*_t*sin(log(A + c3)),1,1,1,1,1,1,1,1,1
CRK11,ground_truth,gt,1,1,1,1,1,,,,,3.32906436553e-13,4.93986435354e-13,4.99158447696e-09,0.0116113439974,0.0130526523344,0,0,1,0,0,1,0,0,1,datasets/llm-srbench/gt_expressions.csv,,1,ground_truth_recomputed,ground_truth_expression,c0;c1;c2;_m,"[0.8817392153705143,2.0,0.8817392153705143,0.6787368029049585]",-c0*A**c1 + c2*_m*sin(sqrt(A)),1,1,1,1,1,1,1,1,1
CRK12,ground_truth,gt,1,1,1,1,1,,,,,1.28104635858e-13,1.02974915523e-13,3.17498206069e-12,2.64496277781e-07,1.70817729957e-07,1,1,1,1,1,1,1,1,1,datasets/llm-srbench/gt_expressions.csv,,1,ground_truth_recomputed,ground_truth_expression,c0;c1;c2;c3;_s;_t,"[0.4536905040809732,0.4536905040809732,0.4536905040809732,1.0,0.1865253494767138,1.660843136662247]",-c0*A*exp(-c1*_s*t) + c2*_t*sin(log(A + c3)),1,1,1,1,1,1,1,1,1
CRK13,ground_truth,gt,1,1,1,1,1,,,,,7.27524855856e-15,7.04559026512e-15,5.42388712713e-13,1.09399146008e-07,8.21176943984e-08,1,1,1,1,1,1,1,1,1,datasets/llm-srbench/gt_expressions.csv,,1,ground_truth_recomputed,ground_truth_expression,c0;c1;c2;_p,"[0.2323661328361342,0.2323661328361342,0.5265654762365851,1.703675335212177]",-c0*A + c1*_p*sin(c2*A),1,1,1,1,1,1,1,1,1
CRK14,ground_truth,gt,1,1,1,1,1,,,,,1.87917341952e-14,1.98762529191e-14,5.11445754178e-11,9.15313837265e-06,5.08160309308e-06,1,1,1,1,1,1,1,1,1,datasets/llm-srbench/gt_expressions.csv,,1,ground_truth_recomputed,ground_truth_expression,c0;c1;c2;c3;c4;_p;_s,"[0.1286242133366486,0.1286242133366486,0.1286242133366486,0.1286242133366486,0.5829315813885992,3.027614145061079,0.461688951693292]",-c0*sqrt(A) - c1*A*exp(-c2*_s*t) + c3*_p*sin(c4*A),1,1,1,1,1,1,1,1,1
CRK15,ground_truth,gt,1,1,1,1,1,,,,,4.50301500264e-14,3.88492621646e-14,2.63034996696e-11,5.28836376558e-07,7.46133945903e-07,1,1,1,1,1,1,1,1,1,datasets/llm-srbench/gt_expressions.csv,,1,ground_truth_recomputed,ground_truth_expression,c0;c1;c2;c3;c4;_s;_t,"[0.1207203443088738,0.1207203443088738,0.1207203443088738,0.1207203443088738,1.0,0.5684464319557769,7.072061591230355]",-c0*sqrt(A) - c1*A*exp(-c2*_s*t) + c3*_t*sin(log(A + c4)),1,1,1,1,1,1,1,1,1
CRK16,ground_truth,gt,1,1,1,1,1,,,,,1.112385399e-14,1.19192616282e-14,2.83369094986e-07,0.000140778800409,0.000210821497706,1,1,1,1,1,1,1,1,1,datasets/llm-srbench/gt_expressions.csv,,1,ground_truth_recomputed,ground_truth_expression,c0;c1;c2;_f,"[0.2458124901024262,0.2458124901024262,0.333333333333333,3.94987841824927]",-c0*A + c1*_f*A**c2,1,1,1,1,1,1,1,1,1
CRK17,ground_truth,gt,1,1,1,1,1,,,,,4.1005048506e-15,4.17611533761e-15,5.62603251722e-13,9.2254081546e-07,7.43302586001e-08,1,1,1,1,1,1,1,1,1,datasets/llm-srbench/gt_expressions.csv,,1,ground_truth_recomputed,ground_truth_expression,c0;c1;c2;c3;_f;_s,"[0.6750544468008356,0.6750544468008356,0.6750544468008356,0.333333333333333,0.308820009103417,0.1160102369308713]",-c0*A*exp(-c1*_s*t) + c2*_f*A**c3,1,1,1,1,1,1,1,1,1
CRK18,ground_truth,gt,1,1,1,1,1,,,,,4.29319954992e-15,2.88023596867e-15,2.33357604516e-09,9.15251610611e-06,1.89202652027e-05,1,1,1,1,1,1,1,1,1,datasets/llm-srbench/gt_expressions.csv,,1,ground_truth_recomputed,ground_truth_expression,c0;c1;c2;c3;_p,"[0.5637231318832533,2.0,0.5637231318832533,0.7616913890711074,0.2330552655486223]",-c0*A**c1 + c2*_p*sin(c3*A),1,1,1,1,1,1,1,1,1
CRK19,ground_truth,gt,1,1,1,1,1,,,,,1.60890209029e-12,1.51312613191e-12,6.86898208453e-09,6.42062590255e-06,7.84786903509e-06,1,1,1,1,1,1,1,1,1,datasets/llm-srbench/gt_expressions.csv,,1,ground_truth_recomputed,ground_truth_expression,c0;c1;c2;c3;c4;c5;_s;_t,"[0.1649785680812583,2.0,0.1649785680812583,0.1649785680812583,0.1649785680812583,1.0,0.07733565299985035,3.762960693496856]",-c0*A**c1 - c2*A*exp(-c3*_s*t) + c4*_t*sin(log(A + c5)),1,1,1,1,1,1,1,1,1
CRK20,ground_truth,gt,1,1,1,1,1,,,,,3.25290580749e-13,3.2617999337e-13,1.29576662117e-08,1.35477674997e-05,1.92409165723e-05,1,1,1,1,1,1,1,1,1,datasets/llm-srbench/gt_expressions.csv,,1,ground_truth_recomputed,ground_truth_expression,c0;c1;c2;c3;_p;_s,"[0.3122128845632889,0.3122128845632889,0.3122128845632889,0.8721876285304352,1.510917965781679,0.2557230104389985]",-c0*A*exp(-c1*_s*t) + c2*_p*sin(c3*A),1,1,1,1,1,1,1,1,1
CRK21,ground_truth,gt,1,1,1,1,1,,,,,1.40357959228e-15,1.36754881879e-15,6.69459529726e-15,3.87535584101e-05,9.43491625057e-08,1,1,1,1,1,1,1,1,1,datasets/llm-srbench/gt_expressions.csv,,1,ground_truth_recomputed,ground_truth_expression,c0;c1;c2;c3;c4;_q;_s,"[0.9112380846295999,0.9112380846295999,0.9112380846295999,0.4381050266935539,1.0,0.09679254810869582,0.09768051501163888]",-c0*A*exp(-c1*_s*t) + c2*_q*A*log(c3*t + c4),1,1,1,1,1,1,1,1,1
CRK22,ground_truth,gt,1,1,1,1,1,,,,,2.229363537e-15,2.01846423949e-15,5.61785592396e-13,2.30694283015e-07,2.29159409847e-07,1,1,1,1,1,1,1,1,1,datasets/llm-srbench/gt_expressions.csv,,1,ground_truth_recomputed,ground_truth_expression,c0;c1;c2;c3;c4;c5;c6;c7;c8;_s;_z,"[0.2092477763434658,2.0,0.2092477763434658,0.2092477763434658,0.2092477763434658,2.0,0.9716398998349454,4.0,1.0,0.3123147448271679,1.028857649642893]",-c0*A**c1 - c2*A*exp(-c3*_s*t) + c4*_z*A**c5/(c6*A**c7 + c8),1,1,1,1,1,1,1,1,1
CRK23,ground_truth,gt,1,1,1,1,1,,,,,8.16034064772e-14,7.83867018869e-14,2.87149320443e-08,0.00998385464747,0.000432316609649,0,1,1,1,1,1,0,1,1,datasets/llm-srbench/gt_expressions.csv,,1,ground_truth_recomputed,ground_truth_expression,c0;c1;c2;_p,"[0.1001695596009237,0.1001695596009237,0.8555148185506902,4.706869220086079]",-c0*sqrt(A) + c1*_p*sin(c2*A),1,1,1,1,1,1,1,1,1
CRK24,ground_truth,gt,1,1,1,1,1,,,,,3.15946599268e-13,1.78987804473e-13,5.68888145349e-09,0.00923447673841,0.000437088726393,0,1,1,1,1,1,0,1,1,datasets/llm-srbench/gt_expressions.csv,,1,ground_truth_recomputed,ground_truth_expression,c0;c1;c2;c3;c4;_f,"[0.2013223513707433,0.2013223513707433,2.0,0.2013223513707433,0.333333333333333,3.148678764665664]",-c0*sqrt(A) - c1*A**c2 + c3*_f*A**c4,1,1,1,1,1,1,1,1,1
CRK25,ground_truth,gt,1,1,1,1,1,,,,,2.85879883649e-14,2.7869229792e-14,4.238658258e-08,5.30171704362e-05,0.000104452063362,1,1,1,1,1,1,1,1,1,datasets/llm-srbench/gt_expressions.csv,,1,ground_truth_recomputed,ground_truth_expression,c0;c1;c2;_t,"[0.1572768183579781,0.1572768183579781,1.0,3.122751145472426]",-c0*A + c1*_t*sin(log(A + c2)),1,1,1,1,1,1,1,1,1
CRK26,ground_truth,gt,1,1,1,1,1,,,,,3.9621693572e-15,3.86016675048e-15,1.18082841249e-09,4.93173165129e-06,9.21132122169e-06,1,1,1,1,1,1,1,1,1,datasets/llm-srbench/gt_expressions.csv,,1,ground_truth_recomputed,ground_truth_expression,c0;c1;c2;c3;c4;_m;_s,"[0.3323559287720523,2.0,0.3323559287720523,0.3323559287720523,0.3323559287720523,0.4107128880905833,0.2127680029454948]",-c0*A**c1 - c2*A*exp(-c3*_s*t) + c4*_m*sin(sqrt(A)),1,1,1,1,1,1,1,1,1
CRK27,ground_truth,gt,1,1,1,1,1,,,,,3.15426557138e-14,3.7058885957e-14,3.57677358958e-09,1.94634416575e-05,2.96671260414e-05,1,1,1,1,1,1,1,1,1,datasets/llm-srbench/gt_expressions.csv,,1,ground_truth_recomputed,ground_truth_expression,c0;c1;c2;c3;c4;c5;_f;_s,"[0.3115334933234426,2.0,0.3115334933234426,0.3115334933234426,0.3115334933234426,0.333333333333333,0.748509349412972,0.2720797854846546]",-c0*A**c1 - c2*A*exp(-c3*_s*t) + c4*_f*A**c5,1,1,1,1,1,1,1,1,1
CRK28,ground_truth,gt,1,1,1,1,1,,,,,1.71827383658e-12,1.73000310497e-12,9.2799543867e-11,6.88711701122e-07,2.15160325751e-07,1,1,1,1,1,1,1,1,1,datasets/llm-srbench/gt_expressions.csv,,1,ground_truth_recomputed,ground_truth_expression,c0;c1;c2;c3;c4;c5;c6;_s;_z,"[0.3009370469546767,0.3009370469546767,0.3009370469546767,2.0,0.8913296033617462,4.0,1.0,0.2251879484995611,2.456068127218637]",-c0*A*exp(-c1*_s*t) + c2*_z*A**c3/(c4*A**c5 + c6),1,1,1,1,1,1,1,1,1
CRK29,ground_truth,gt,1,1,1,1,1,,,,,1.78444303782e-13,1.5942758157e-13,1.15055362449e-08,2.15874251699e-05,3.73493199178e-05,1,1,1,1,1,1,1,1,1,datasets/llm-srbench/gt_expressions.csv,,1,ground_truth_recomputed,ground_truth_expression,c0;c1;c2;c3;c4;c5;c6;c7;_s;_z,"[0.1013264398776803,0.1013264398776803,0.1013264398776803,0.1013264398776803,2.0,0.8635828411814722,4.0,1.0,0.7465083371973302,8.152108839414039]",-c0*A - c1*A*exp(-c2*_s*t) + c3*_z*A**c4/(c5*A**c6 + c7),1,1,1,1,1,1,1,1,1
CRK30,ground_truth,gt,1,1,1,1,1,,,,,1.04777351681e-12,1.00875839438e-12,4.68658968501e-09,1.89023524705e-06,2.21177555774e-06,1,1,1,1,1,1,1,1,1,datasets/llm-srbench/gt_expressions.csv,,1,ground_truth_recomputed,ground_truth_expression,c0;c1;c2;c3;c4;_s;_t,"[0.2566735077802864,0.2566735077802864,0.2566735077802864,0.2566735077802864,1.0,0.08000803809836032,3.672527147144827]",-c0*A - c1*A*exp(-c2*_s*t) + c3*_t*sin(log(A + c4)),1,1,1,1,1,1,1,1,1
CRK31,ground_truth,gt,1,1,1,1,1,,,,,6.92636698638e-15,3.63012766439e-15,4.17654031739e-09,0.0103212710045,0.00828892253024,0,0,1,0,1,1,0,0,1,datasets/llm-srbench/gt_expressions.csv,,1,ground_truth_recomputed,ground_truth_expression,c0;c1;c2;c3;_w,"[0.5980340707747946,0.5980340707747946,0.5980340707747946,1.0,0.5127439385664522]",-c0*sqrt(A) - c1*A + c2*_w*cos(log(A + c3)),1,1,1,1,1,1,1,1,1
CRK32,ground_truth,gt,1,1,1,1,1,,,,,3.42283716452e-13,3.46632584391e-13,4.15451676601e-10,1.53391174874e-05,3.03997733789e-06,1,1,1,1,1,1,1,1,1,datasets/llm-srbench/gt_expressions.csv,,1,ground_truth_recomputed,ground_truth_expression,c0;c1;c2;c3;c4;_f;_s,"[0.499473269579171,0.499473269579171,0.499473269579171,0.499473269579171,0.333333333333333,1.599908309653727,0.1012463905623306]",-c0*A - c1*A*exp(-c2*_s*t) + c3*_f*A**c4,1,1,1,1,1,1,1,1,1
CRK33,ground_truth,gt,1,1,1,1,1,,,,,2.43046894523e-13,1.91011482608e-13,2.88918816927e-08,0.0214705767609,0.000540622058217,0,0,1,1,1,1,0,0,1,datasets/llm-srbench/gt_expressions.csv,,1,ground_truth_recomputed,ground_truth_expression,c0;c1;c2;c3;c4;_t,"[0.1184687332563927,0.1184687332563927,2.0,0.1184687332563927,1.0,7.144356039320834]",-c0*sqrt(A) - c1*A**c2 + c3*_t*sin(log(A + c4)),1,1,1,1,1,1,1,1,1
CRK34,ground_truth,gt,1,1,1,1,1,,,,,2.48529691722e-13,2.421049658e-13,1.08567824792e-08,0.0551378015468,0.0157845418958,0,0,1,0,0,1,0,0,1,datasets/llm-srbench/gt_expressions.csv,,1,ground_truth_recomputed,ground_truth_expression,c0;c1;c2;c3;_f,"[0.1689114325901851,2.0,0.1689114325901851,0.333333333333333,4.286279665757745]",-c0*A**c1 + c2*_f*A**c3,1,1,1,1,1,1,1,1,1
CRK35,ground_truth,gt,1,1,1,1,1,,,,,2.12539872788e-15,2.01843095648e-15,2.91443309056e-14,1.62300096332e-05,1.14487563993e-07,1,1,1,1,1,1,1,1,1,datasets/llm-srbench/gt_expressions.csv,,1,ground_truth_recomputed,ground_truth_expression,c0;c1;c2;c3;_q,"[0.1362569669001986,0.1362569669001986,0.9423435234237035,1.0,0.4569166022170135]",-c0*A + c1*_q*A*log(c2*t + c3),1,1,1,1,1,1,1,1,1
CRK_all,ground_truth,gt,36/36,36/36,36/36,36/36,36/36,0/36,0/36,0/36,0/36,1.53562494961e-13,1.48992405968e-13,3.87665695349e-09,1.78467256453e-05,1.90805908875e-05,24/36,27/36,35/36,30/36,32/36,36/36,24/36,27/36,35/36,,,,aggregate row; no single NMSE,combined aggregate row,,[],,35/36,35/36,35/36,35/36,35/36,36/36,35/36,35/36,35/36
MatSci0,ground_truth,gt,1,1,1,1,1,,,,,1.30115205103e-14,1.46035909674e-14,2.33149427977e-12,0.000173383495341,1.75220939384e-07,1,1,1,1,1,1,1,1,1,datasets/llm-srbench/gt_expressions.csv,,1,ground_truth_recomputed,ground_truth_expression,c0;c1;c2;c3;c4;c5;c6;c7;c8,"[31.11998205299424,0.05295088673159155,316.1945018642116,1.0,0.2255444745868377,316.1945018642116,0.5975773894779193,3.629301836816963,316.1945018642116]",c0*epsilon*(-c1*(T - c2) + c3) - c4*(T - c5) + epsilon**c6*c7*(T - c8),1,1,1,1,1,1,1,1,1
MatSci1,ground_truth,gt,1,1,1,1,1,,,,,1.54087321942e-12,1.53620781521e-12,2.82501868367e-10,1.15065043353e-06,1.41851015938e-06,1,1,1,1,1,1,1,1,1,datasets/llm-srbench/gt_expressions.csv,,1,ground_truth_recomputed,ground_truth_expression,c0;c1;c2;c3;c4;c5;c6;c7,"[7.773814951275034,3.0,55.12431765498469,0.2663690099729744,52.48673409660327,8.314,3.805399684804699,276.4388521115218]",c0*epsilon**c1 + c2*epsilon**c3*exp(-c4/(c5*T)) + epsilon*c6*sin(T - c7),1,1,1,1,1,1,1,1,1
MatSci2,ground_truth,gt,1,1,1,1,1,,,,,2.91972465094e-14,3.03878958461e-14,2.38913538236e-11,7.7331426915e-05,1.78278642552e-07,1,1,1,1,1,1,1,1,1,datasets/llm-srbench/gt_expressions.csv,,1,ground_truth_recomputed,ground_truth_expression,c0;c1;c2;c3,"[7.317170963605775,3.0,7.950202923669917,287.0924224974763]",c0*epsilon**c1 + c2*(T - c3)*exp(-epsilon),1,1,1,1,1,1,1,1,1
MatSci3,ground_truth,gt,1,1,1,1,1,,,,,2.00387063639e-14,1.95319047669e-14,9.43733252222e-13,1.69216384928e-07,2.16562026865e-07,1,1,1,1,1,1,1,1,1,datasets/llm-srbench/gt_expressions.csv,,1,ground_truth_recomputed,ground_truth_expression,c0;c1;c2;c3;c4;c5;c6;c7;c8,"[2.097020103120423,3.0,71.35562607889295,0.1998017387306482,5.002925364304703,8.314,3.0,3.304614904851916,370.1712095389104]",c0*epsilon**c1 + c2*epsilon**c3*exp(-c4/(c5*T)) + epsilon**c6*c7*(T - c8),1,1,1,1,1,1,1,1,1
MatSci4,ground_truth,gt,1,1,1,1,1,,,,,1.27196763776e-14,1.14593106132e-14,1.67428110805e-12,1.24289494955e-05,2.08413887757e-07,1,1,1,1,1,1,1,1,1,datasets/llm-srbench/gt_expressions.csv,,1,ground_truth_recomputed,ground_truth_expression,c0;c1;c2;c3;c4,"[90.77601571302965,2.0,2.481902678286476,337.7690120541362,1.0]",c0*epsilon**c1 + c2*(T - c3)*log(epsilon + c4),1,1,1,1,1,1,1,1,1
MatSci5,ground_truth,gt,1,1,1,1,1,,,,,2.31852677135e-14,2.66394017313e-14,3.4226476225e-12,9.20090141196e-06,3.1290845357e-07,1,1,1,1,1,1,1,1,1,datasets/llm-srbench/gt_expressions.csv,,1,ground_truth_recomputed,ground_truth_expression,c0;c1;c2;c3;c4;c5;c6;c7;c8;c9;c10,"[61.34686906400979,0.05076522329965729,278.147875124999,1.0,98.57939495694947,0.3178497443603504,49.45582326747874,8.314,1.450294566141342,2.304053848821008,278.147875124999]",c0*epsilon*(-c1*(T - c2) + c3) + c4*epsilon**c5*exp(-c6/(c7*T)) + epsilon**c8*c9*(T - c10),1,1,1,1,1,1,1,1,1
MatSci6,ground_truth,gt,1,1,1,1,1,,,,,4.63454328773e-14,4.98009397639e-14,2.37675404909e-12,6.67684717189e-06,3.63042655327e-07,1,1,1,1,1,1,1,1,1,datasets/llm-srbench/gt_expressions.csv,,1,ground_truth_recomputed,ground_truth_expression,c0;c1;c2;c3;c4;c5;c6,"[21.69809045303365,0.05460334940892902,342.5784399345082,1.0,5.649723021439129,342.5784399345082,2.0]",c0*epsilon*(-c1*(T - c2) + c3) + epsilon*c4*(T - c5)**c6,1,1,1,1,1,1,1,1,1
MatSci7,ground_truth,gt,1,1,1,1,1,,,,,1.2498325505e-14,1.13638834146e-14,1.06534955406e-12,0.000201945575566,2.21495322506e-07,1,1,1,1,1,1,1,1,1,datasets/llm-srbench/gt_expressions.csv,,1,ground_truth_recomputed,ground_truth_expression,c0;c1;c2;c3;c4;c5;c6,"[6.531365700567425,3.0,0.6867651335523405,289.0808051417499,3.018423785145038,289.0808051417499,1.0]",c0*epsilon**c1 - c2*(T - c3) + c4*(T - c5)*log(epsilon + c6),1,1,1,1,1,1,1,1,1
MatSci8,ground_truth,gt,1,1,1,1,1,,,,,1.33994710907e-14,1.52259347557e-14,1.68591749563e-12,2.90379067257e-05,2.04112748779e-07,1,1,1,1,1,1,1,1,1,datasets/llm-srbench/gt_expressions.csv,,1,ground_truth_recomputed,ground_truth_expression,c0;c1;c2;c3;c4;c5;c6,"[23.78834155591397,0.05042014460859048,330.2004199209183,1.0,0.9585455289307727,5.229500625918487,330.2004199209183]",c0*epsilon*(-c1*(T - c2) + c3) + epsilon**c4*c5*(T - c6),1,1,1,1,1,1,1,1,1
MatSci9,ground_truth,gt,1,1,1,1,1,,,,,2.76320797128e-14,2.93669210961e-14,8.06958453973e-13,1.3396165651e-05,3.27222071728e-07,1,1,1,1,1,1,1,1,1,datasets/llm-srbench/gt_expressions.csv,,1,ground_truth_recomputed,ground_truth_expression,c0;c1;c2;c3;c4;c5;c6,"[4.255830478818137,3.0,0.3902956878147404,308.8646781296164,3.0,8.63802815432207,308.8646781296164]",c0*epsilon**c1 - c2*(T - c3) + epsilon**c4*c5*(T - c6),1,1,1,1,1,1,1,1,1
MatSci10,ground_truth,gt,1,1,1,1,1,,,,,4.13061219033e-14,3.90824373519e-14,2.22443732908e-12,1.19698960453e-06,3.11849642062e-07,1,1,1,1,1,1,1,1,1,datasets/llm-srbench/gt_expressions.csv,,1,ground_truth_recomputed,ground_truth_expression,c0;c1;c2;c3;c4;c5;c6;c7;c8,"[7.722936175676248,3.0,36.65887349971503,0.2143544613866963,82.43745550530616,8.314,1.33613369874293,327.2644634707577,2.0]",c0*epsilon**c1 + c2*epsilon**c3*exp(-c4/(c5*T)) + epsilon*c6*(T - c7)**c8,1,1,1,1,1,1,1,1,1
MatSci11,ground_truth,gt,1,1,1,1,1,,,,,1.90878772564e-14,1.43967884856e-14,9.08893005662e-13,1.91652176154e-07,2.57264903608e-07,1,1,1,1,1,1,1,1,1,datasets/llm-srbench/gt_expressions.csv,,1,ground_truth_recomputed,ground_truth_expression,c0;c1;c2;c3;c4;c5;c6,"[61.56035387720087,0.4776400561850109,55.88105119862867,8.314,3.0,7.641072250261916,344.4595922700062]",c0*epsilon**c1*exp(-c2/(c3*T)) + epsilon**c4*c5*(T - c6),1,1,1,1,1,1,1,1,1
MatSci12,ground_truth,gt,1,1,1,1,1,,,,,1.6880135451e-14,1.48198825951e-14,1.22864133372e-11,2.39180417918e-07,1.11117528255e-07,1,1,1,1,1,1,1,1,1,datasets/llm-srbench/gt_expressions.csv,,1,ground_truth_recomputed,ground_truth_expression,c0;c1;c2;c3;c4;c5;c6;c7;c8;c9;c10,"[3.624619743620559,0.05899178254607287,367.0230241424957,1.0,94.20501606887599,0.4474923740206969,55.01606214227756,8.314,5.12427601442365,367.0230241424957,2.0]",c0*epsilon*(-c1*(T - c2) + c3) + c4*epsilon**c5*exp(-c6/(c7*T)) + epsilon*c8*exp(-(T - c9)**c10),1,1,1,1,1,1,1,1,1
MatSci13,ground_truth,gt,1,1,1,1,1,,,,,1.90234582803e-14,1.87433761802e-14,4.81348168589e-12,0.000480418487413,1.59368576766e-07,1,1,1,1,1,1,1,1,1,datasets/llm-srbench/gt_expressions.csv,,1,ground_truth_recomputed,ground_truth_expression,c0;c1;c2;c3;c4,"[0.6056800229293963,298.0016449216105,3.147371738113061,298.0016449216105,2.0]",-c0*(T - c1) + epsilon*c2*exp(-(T - c3)**c4),1,1,1,1,1,1,1,1,1
MatSci14,ground_truth,gt,1,1,1,1,1,,,,,2.1658967336e-14,1.94491592184e-14,1.36397534639e-12,3.11228222825e-05,2.20122047527e-07,1,1,1,1,1,1,1,1,1,datasets/llm-srbench/gt_expressions.csv,,1,ground_truth_recomputed,ground_truth_expression,c0;c1;c2;c3;c4,"[0.5449782742323234,352.1579043725849,0.6261602091724962,1.518028840149799,352.1579043725849]",-c0*(T - c1) + epsilon**c2*c3*(T - c4),1,1,1,1,1,1,1,1,1
MatSci16,ground_truth,gt,1,1,1,1,1,,,,,1.52586060624e-14,1.39160440657e-14,1.64361025056e-12,6.70461830402e-05,2.21753785873e-07,1,1,1,1,1,1,1,1,1,datasets/llm-srbench/gt_expressions.csv,,1,ground_truth_recomputed,ground_truth_expression,c0;c1;c2;c3;c4;c5;c6,"[55.83157415573076,0.0969609510262908,325.3097844170149,1.0,6.648022720756571,325.3097844170149,2.0]",c0*epsilon*(-c1*(T - c2) + c3) + epsilon*c4*exp(-(T - c5)**c6),1,1,1,1,1,1,1,1,1
MatSci18,ground_truth,gt,1,1,1,1,1,,,,,4.60628493192e-14,4.62905613012e-14,2.31395651947e-12,2.91868160375e-05,3.45417520775e-07,1,1,1,1,1,1,1,1,1,datasets/llm-srbench/gt_expressions.csv,,1,ground_truth_recomputed,ground_truth_expression,c0;c1;c2;c3;c4,"[2.353524517872731,2.0,6.266345790929248,342.1714397168912,2.0]",c0*epsilon**c1 + epsilon*c2*(T - c3)**c4,1,1,1,1,1,1,1,1,1
MatSci19,ground_truth,gt,1,1,1,1,1,,,,,1.44992229085e-14,1.41783085362e-14,1.76521688827e-12,8.07380283284e-07,2.10392323099e-07,1,1,1,1,1,1,1,1,1,datasets/llm-srbench/gt_expressions.csv,,1,ground_truth_recomputed,ground_truth_expression,c0;c1;c2;c3;c4;c5;c6;c7;c8,"[96.82940277854249,0.00975241411319901,352.1817839469633,1.0,0.4784822007985676,352.1817839469633,8.062014375498787,352.1817839469633,1.0]",c0*epsilon*(-c1*(T - c2) + c3) - c4*(T - c5) + c6*(T - c7)*log(epsilon + c8),1,1,1,1,1,1,1,1,1
MatSci20,ground_truth,gt,1,1,1,1,1,,,,,1.07373156231e-14,1.1723452819e-14,1.5203497296e-12,4.70780393312e-05,1.62591506429e-07,1,1,1,1,1,1,1,1,1,datasets/llm-srbench/gt_expressions.csv,,1,ground_truth_recomputed,ground_truth_expression,c0;c1;c2;c3,"[5.889184448896621,3.0,2.882177119706628,279.6235977851866]",c0*epsilon**c1 + c2*(T - c3)*sin(epsilon),1,1,1,1,1,1,1,1,1
MatSci21,ground_truth,gt,1,1,1,1,1,,,,,2.97207241892e-14,3.24300114311e-14,8.26787595701e-13,3.17443898519e-05,3.2874151519e-07,1,1,1,1,1,1,1,1,1,datasets/llm-srbench/gt_expressions.csv,,1,ground_truth_recomputed,ground_truth_expression,c0;c1;c2;c3;c4;c5;c6,"[28.5804435641639,2.0,0.2857003465652133,281.8702533757055,3.0,4.278428749432679,281.8702533757055]",c0*epsilon**c1 - c2*(T - c3) + epsilon**c4*c5*(T - c6),1,1,1,1,1,1,1,1,1
MatSci22,ground_truth,gt,1,1,1,1,1,,,,,1.02318629416e-11,1.03248572534e-11,2.20093333007e-10,0.000329368176724,5.87242007132e-06,1,1,1,1,1,1,1,1,1,datasets/llm-srbench/gt_expressions.csv,,1,ground_truth_recomputed,ground_truth_expression,c0;c1;c2;c3,"[72.33109007775502,2.0,7.746546088077286,287.7739091906226]",c0*epsilon**c1 + epsilon*c2*sin(T - c3),1,1,1,1,1,1,1,1,1
MatSci23,ground_truth,gt,1,1,1,1,1,,,,,1.2007106576e-14,1.45440039938e-14,1.55038821244e-12,2.16867480696e-07,1.74136601094e-07,1,1,1,1,1,1,1,1,1,datasets/llm-srbench/gt_expressions.csv,,1,ground_truth_recomputed,ground_truth_expression,c0;c1;c2;c3;c4;c5;c6;c7;c8,"[64.94580689182851,0.6137004742020207,36.94514734346487,8.314,0.2148222725160074,331.6841118020879,3.55398315218852,331.6841118020879,1.0]",c0*epsilon**c1*exp(-c2/(c3*T)) - c4*(T - c5) + c6*(T - c7)*log(epsilon + c8),1,1,1,1,1,1,1,1,1
MatSci24,ground_truth,gt,1,1,1,1,1,,,,,1.80444801602e-14,1.44728103145e-14,1.51081991431e-12,1.97266863212e-05,2.30523791351e-07,1,1,1,1,1,1,1,1,1,datasets/llm-srbench/gt_expressions.csv,,1,ground_truth_recomputed,ground_truth_expression,c0;c1;c2;c3;c4;c5;c6;c7,"[99.72829794207104,0.08976441603442807,330.599841780566,1.0,4.818532892851478,3.0,5.41673901332906,330.599841780566]",c0*epsilon*(-c1*(T - c2) + c3) + c4*epsilon**c5 + c6*(T - c7)*sin(epsilon),1,1,1,1,1,1,1,1,1
MatSci25,ground_truth,gt,1,1,1,1,1,,,,,7.72396800496e-13,5.3121477266e-13,1.93245630139e-10,1.48689875978e-06,1.51513805735e-06,1,1,1,1,1,1,1,1,1,datasets/llm-srbench/gt_expressions.csv,,1,ground_truth_recomputed,ground_truth_expression,c0;c1;c2;c3;c4;c5,"[83.23132137098519,0.9685242195998613,93.02338528053475,8.314,4.139814398886958,349.0227859889686]",c0*epsilon**c1*exp(-c2/(c3*T)) + epsilon*c4*sin(T - c5),1,1,1,1,1,1,1,1,1
MatSci28,ground_truth,gt,1,1,1,1,1,,,,,1.53630825932e-14,1.62440561581e-14,2.03008551387e-12,9.50892793142e-06,2.11247922427e-07,1,1,1,1,1,1,1,1,1,datasets/llm-srbench/gt_expressions.csv,,1,ground_truth_recomputed,ground_truth_expression,c0;c1;c2;c3;c4;c5;c6;c7;c8,"[11.11905375829476,2.0,11.11905375829476,0.09195630170381391,352.0084637124087,1.0,4.369918327483798,352.0084637124087,1.0]",c0*epsilon**c1 + c2*epsilon*(-c3*(T - c4) + c5) + c6*(T - c7)*log(epsilon + c8),1,1,1,1,1,1,1,1,1
MatSci_all,ground_truth,gt,25/25,25/25,25/25,25/25,25/25,0/25,0/25,0/25,0/25,1.90878772564e-14,1.87433761802e-14,1.76521688827e-12,1.3396165651e-05,2.21495322506e-07,25/25,25/25,25/25,25/25,25/25,25/25,25/25,25/25,25/25,,,,aggregate row; no single NMSE,combined aggregate row,,[],,25/25,25/25,25/25,25/25,25/25,25/25,25/25,25/25,25/25
PO0,ground_truth,gt,1,1,1,1,1,,,,,1.70910245654e-13,1.83648792649e-13,5.82222743641e-13,0.000122500184376,0.000226350700589,1,1,1,1,1,1,1,1,1,datasets/llm-srbench/gt_expressions.csv,,1,ground_truth_recomputed,ground_truth_expression,c0;c1;c2;F0;beta;omega0,"[2.0,3.0,2.0,0.9479815920380456,0.7122767973500881,1.013264955616267]",F0*sin(t) - beta*sin(v) - omega0**c0*x**c1 - omega0**c2*x*exp(-Abs(x)),1,1,1,1,1,1,1,1,1
PO1,ground_truth,gt,1,1,1,1,1,,,,,1.28102990052e-14,1.27079698271e-14,9.59800958567e-14,0.000113016351556,7.96012268472e-05,1,1,1,1,1,1,1,1,1,datasets/llm-srbench/gt_expressions.csv,,1,ground_truth_recomputed,ground_truth_expression,c0;c1;F0;omega0,"[2.0,2.0,0.4226191609168549,-1.074044651514283]",F0*sin(t) - omega0**c0*x - omega0**c1*x*exp(-Abs(x)),1,1,1,1,1,1,1,1,1
PO2,ground_truth,gt,1,1,1,1,1,,,,,3.86727218789e-13,3.15230999967e-13,0.0544983226212,0.460832001025,2.8537714721,0,0,0,0,0,0,0,0,0,datasets/llm-srbench/gt_expressions.csv,,1,ground_truth_recomputed,ground_truth_expression,c0;c1;c2;c3;c4;alpha;mu;omega0,"[3.0,1.0,2.0,2.0,2.0,0.08924210317897308,0.7253064353399377,1.203061222647994]",-alpha*v**c0 - mu*(c1 - x**c2)*v - omega0**c3*x - omega0**c4*x*exp(-Abs(x)),1,1,1,0,0,0,0,0,0
PO3,ground_truth,gt,1,1,1,1,1,,,,,8.88394109032e-13,8.83301561741e-13,6.73465969076e-12,3.52274752e-05,0.000465979987028,1,1,1,1,1,1,1,1,1,datasets/llm-srbench/gt_expressions.csv,,1,ground_truth_recomputed,ground_truth_expression,c0;F0;beta,"[2.0,0.1062569142304422,0.4843969780176376]",F0*sin(t) - beta*sin(v) - c0*beta*v,1,1,1,1,1,1,1,1,1
PO4,ground_truth,gt,1,1,1,1,1,,,,,1.15730980632e-14,9.68005917988e-15,7.88849862386e-14,2.84398027196e-05,8.50648794945e-05,1,1,1,1,1,1,1,1,1,datasets/llm-srbench/gt_expressions.csv,,1,ground_truth_recomputed,ground_truth_expression,c0;c1;c2;c3;c4;F0;alpha;gamma;omega0,"[3.0,2.0,0.333333333333333,1.0,2.0,0.3507818233996913,0.02304054067388048,0.05524110205313165,-1.051478753651591]",F0*sin(t) - alpha*v**c0 - omega0**c1*(gamma*Abs(v)**c2 + c3)*x - omega0**c4*x,1,1,1,1,1,1,1,1,1
PO5,ground_truth,gt,1,1,1,1,1,,,,,2.22603966277e-12,3.10042654423e-12,0.683176347645,2.28523326731,2.49470551005,0,0,0,0,0,0,0,0,0,datasets/llm-srbench/gt_expressions.csv,,1,ground_truth_recomputed,ground_truth_expression,c0;c1;c2;c3;c4;c5;c6;beta;gamma;omega0,"[2.0,2.0,0.333333333333333,1.0,2.0,3.0,2.0,0.4480618113833388,0.09430567863398463,1.137520945990733]",-beta*sin(v) - c0*beta*v - omega0**c1*(gamma*Abs(v)**c2 + c3)*x - omega0**c4*x**c5 - omega0**c6*x,0,0,0,0,0,0,0,0,0
PO6,ground_truth,gt,1,1,1,1,1,,,,,4.70778030757e-15,1.09058309948e-14,4.4548858895e-10,3.16006740986e-06,4.04763884315e-06,1,1,1,1,1,1,1,1,1,datasets/llm-srbench/gt_expressions.csv,,1,ground_truth_recomputed,ground_truth_expression,c0;c1;c2;c3;beta;omega0,"[1.0,2.0,2.0,3.0,0.330586246512762,-1.081594183010037]",-beta*log(Abs(v) + c0) - c1*beta*v - omega0**c2*x**c3,1,1,1,1,1,1,1,1,1
PO7,ground_truth,gt,1,1,1,1,1,,,,,8.3417362934e-15,8.23319513366e-15,1.08628148361e-14,3.04616404095e-06,2.96212812998e-06,1,1,1,1,1,1,1,1,1,datasets/llm-srbench/gt_expressions.csv,,1,ground_truth_recomputed,ground_truth_expression,c0;c1;c2;c3;alpha;beta;omega0,"[3.0,0.333333333333333,2.0,3.0,0.04589388272923189,0.7295609912048436,1.132745424195125]",-alpha*v**c0 - beta*Abs(v)**c1 - omega0**c2*x**c3,1,1,1,1,1,1,1,1,1
PO8,ground_truth,gt,1,1,1,1,1,,,,,5.95764128199e-15,5.38022856665e-15,6.6712115697e-15,6.00555649583e-07,6.74895498834e-06,1,1,1,1,1,1,1,1,1,datasets/llm-srbench/gt_expressions.csv,,1,ground_truth_recomputed,ground_truth_expression,c0;c1;c2;beta;omega0,"[0.333333333333333,2.0,3.0,0.6004045339770914,-1.043400781721249]",-beta*Abs(v)**c0 - omega0**c1*x**c2,1,1,1,1,1,1,1,1,1
PO9,ground_truth,gt,1,1,1,1,1,,,,,2.32021269471e-14,2.15166529123e-14,7.38952059753e-12,0.00497143782008,0.000934543831108,0,1,1,1,1,1,0,1,1,datasets/llm-srbench/gt_expressions.csv,,1,ground_truth_recomputed,ground_truth_expression,c0;c1;c2;c3;c4;c5;F0;gamma;mu;omega0,"[1.0,2.0,2.0,0.333333333333333,1.0,2.0,0.3064552762676696,0.06821634756847383,0.4243105872181822,-1.388268385186753]",F0*sin(t) - mu*(c0 - x**c1)*v - omega0**c2*(gamma*Abs(v)**c3 + c4)*x - omega0**c5*x,1,1,1,1,1,1,1,1,1
PO10,ground_truth,gt,1,1,1,1,1,,,,,6.59384303651e-15,7.42103595896e-15,1.39066224933e-14,1.96474500032e-05,6.31496274066e-05,1,1,1,1,1,1,1,1,1,datasets/llm-srbench/gt_expressions.csv,,1,ground_truth_recomputed,ground_truth_expression,c0;c1;c2;c3;c4;F0;gamma;omega0,"[2.0,1.0,2.0,3.0,2.0,0.7998420605592543,0.02483508338820688,-1.411255117988119]",F0*sin(t) - omega0**c0*(gamma*t + c1)*x - omega0**c2*x**c3 - omega0**c4*x,1,1,1,1,1,1,1,1,1
PO11,ground_truth,gt,1,1,1,1,1,,,,,1.55470791442e-12,1.16086715245e-12,0.0278610394286,1.3709267861,7.47925679896,0,0,0,0,0,0,0,0,0,datasets/llm-srbench/gt_expressions.csv,,1,ground_truth_recomputed,ground_truth_expression,c0;c1;c2;c3;beta;gamma;omega0,"[2.0,1.0,2.0,3.0,0.7749196806562938,0.09218491510458195,-1.58514953863429]",-beta*sin(v) - omega0**c0*(gamma*t + c1)*x - omega0**c2*x**c3,1,1,1,0,0,0,0,0,0
PO12,ground_truth,gt,1,1,1,1,1,,,,,1.79558510597e-14,1.77331572492e-14,9.96396743501e-14,3.89617975982e-05,8.11670012834e-05,1,1,1,1,1,1,1,1,1,datasets/llm-srbench/gt_expressions.csv,,1,ground_truth_recomputed,ground_truth_expression,c0;c1;c2;c3;c4;F0;alpha;beta;gamma;omega0,"[3.0,0.333333333333333,2.0,1.0,2.0,0.4155288108535828,0.04937274428379918,0.2916677484087053,0.02227343306946841,-1.014544665841566]",F0*sin(t) - alpha*v**c0 - beta*Abs(v)**c1 - omega0**c2*(gamma*t + c3)*x - omega0**c4*x,1,1,1,1,1,1,1,1,1
PO13,ground_truth,gt,1,1,1,1,1,,,,,2.52611332215e-14,2.81309841051e-14,4.12350946037e-12,7.48914554299e-05,0.000543316359683,1,1,1,1,1,1,1,1,1,datasets/llm-srbench/gt_expressions.csv,,1,ground_truth_recomputed,ground_truth_expression,c0;c1;c2;c3;c4;F0;gamma;mu;omega0,"[1.0,2.0,2.0,0.333333333333333,1.0,0.2660689198206442,0.08255811775847716,0.4334248931958661,-1.748259688078346]",F0*sin(t) - mu*(c0 - x**c1)*v - omega0**c2*(gamma*Abs(v)**c3 + c4)*x,1,1,1,1,1,1,1,1,1
PO14,ground_truth,gt,1,1,1,1,1,,,,,8.99391494872e-13,8.87626153397e-13,5.35559725042e-12,9.77829811318e-05,0.00228969040499,1,1,1,0,1,1,0,1,1,datasets/llm-srbench/gt_expressions.csv,,1,ground_truth_recomputed,ground_truth_expression,c0;c1;c2;c3;F0;beta;mu,"[1.0,2.0,1.0,2.0,0.3423189037642935,0.5026711207378507,0.1180640159499522]",F0*sin(t) - beta*log(Abs(v) + c0) - beta*sin(v) - c1*beta*v - mu*(c2 - x**c3)*v,1,1,1,1,1,1,1,1,1
PO15,ground_truth,gt,1,1,1,1,1,,,,,7.54616079944e-15,8.55935398251e-15,2.43916778821e-14,8.13904751496e-06,2.21612836742e-05,1,1,1,1,1,1,1,1,1,datasets/llm-srbench/gt_expressions.csv,,1,ground_truth_recomputed,ground_truth_expression,c0;c1;c2;c3;c4;F0;gamma;omega0,"[2.0,0.333333333333333,1.0,2.0,2.0,0.6813255242259466,0.03553984827332641,-1.363082289760476]",F0*sin(t) - omega0**c0*(gamma*Abs(v)**c1 + c2)*x - omega0**c3*x - omega0**c4*x*exp(-Abs(x)),1,1,1,1,1,1,1,1,1
PO16,ground_truth,gt,1,1,1,1,1,,,,,5.31537796069e-14,4.87680803788e-14,1.2607605554e-13,0.000427759968786,0.000135081909917,1,1,1,1,1,1,1,1,1,datasets/llm-srbench/gt_expressions.csv,,1,ground_truth_recomputed,ground_truth_expression,c0;c1;F0;beta;omega0,"[2.0,3.0,0.889089078890603,0.1301791982747333,1.762458679805023]",F0*sin(t) - beta*sin(x)*v - beta*sin(v) - omega0**c0*x**c1,1,1,1,1,1,1,1,1,1
PO17,ground_truth,gt,1,1,1,1,1,,,,,1.65851769508e-13,1.82264007446e-13,2.04551839159e-12,0.000861629107094,0.0041430086037,1,1,1,0,1,1,0,1,1,datasets/llm-srbench/gt_expressions.csv,,1,ground_truth_recomputed,ground_truth_expression,c0;c1;F0;beta;omega0,"[2.0,2.0,0.4607662802983636,0.2634379499466631,-1.5833917925963]",F0*sin(t) - beta*sin(x)*v - c0*beta*v - omega0**c1*x,1,1,1,1,1,1,1,1,1
PO18,ground_truth,gt,1,1,1,1,1,,,,,9.12947820328e-16,9.25025139206e-16,1.09082486558e-15,9.88954723767e-08,9.99226500088e-08,1,1,1,1,1,1,1,1,1,datasets/llm-srbench/gt_expressions.csv,,1,ground_truth_recomputed,ground_truth_expression,c0;beta;omega0,"[2.0,0.5836560399904767,-1.346345994082632]",-beta*sin(x)*v - omega0**c0*x,1,1,1,1,1,1,1,1,1
PO19,ground_truth,gt,1,1,1,1,1,,,,,1.1468917468e-13,2.26022632724e-13,0.000207510364108,0.0176374605077,0.46242635962,0,0,1,0,0,0,0,0,0,datasets/llm-srbench/gt_expressions.csv,,1,ground_truth_recomputed,ground_truth_expression,c0;c1;beta;omega0,"[2.0,2.0,0.2997749461658402,-1.671892743566716]",-c0*beta*v - omega0**c1*x*exp(-Abs(x)),1,1,1,0,1,1,0,1,1
PO20,ground_truth,gt,1,1,1,1,1,,,,,1.95316243819e-12,1.56580413206e-12,0.246457731187,3.03944600834,1,0,0,0,0,0,0,0,0,0,datasets/llm-srbench/gt_expressions.csv,,1,ground_truth_recomputed,ground_truth_expression,c0;c1;c2;c3;c4;c5;c6;c7;alpha;beta;gamma;mu;omega0,"[3.0,1.0,2.0,1.0,2.0,2.0,0.333333333333333,1.0,0.04417231689231021,0.6247374040487611,0.04792819890459153,0.3334810935406569,-1.892671713356564]",-alpha*v**c0 - beta*log(Abs(v) + c1) - c2*beta*v - mu*(c3 - v**c4)*v - omega0**c5*(gamma*Abs(v)**c6 + c7)*x,0,0,0,0,0,0,0,0,0
PO21,ground_truth,gt,1,1,1,1,1,,,,,2.99949413894e-13,3.44073663852e-13,1.09518567498e-12,0.000289443767008,0.000391461715843,1,1,1,1,1,1,1,1,1,datasets/llm-srbench/gt_expressions.csv,,1,ground_truth_recomputed,ground_truth_expression,F0;beta,"[0.7675182604710588,0.2638964350205758]",F0*sin(t) - beta*sin(x)*v,1,1,1,1,1,1,1,1,1
PO22,ground_truth,gt,1,1,1,1,1,,,,,6.83483401397e-15,4.71373558066e-15,3.82643839432e-09,1.00515579494e-05,9.343999616e-06,1,1,1,1,1,1,1,1,1,datasets/llm-srbench/gt_expressions.csv,,1,ground_truth_recomputed,ground_truth_expression,c0;c1;c2;c3;c4;beta;mu;omega0,"[2.0,1.0,2.0,2.0,3.0,0.3070079885182349,0.7522899771670057,-1.076953217740817]",-c0*beta*v - beta*exp(-Abs(x))*v - mu*(c1 - x**c2)*v - omega0**c3*x**c4,1,1,1,1,1,1,1,1,1
PO23,ground_truth,gt,1,1,1,1,1,,,,,9.84932933165e-15,1.13823717916e-14,2.0456406607e-12,4.57012208036e-06,1.61419958311e-07,1,1,1,1,1,1,1,1,1,datasets/llm-srbench/gt_expressions.csv,,1,ground_truth_recomputed,ground_truth_expression,c0;c1;F0;beta;omega0,"[1.0,2.0,0.1085368929511297,0.4455675012464157,-1.070029708352016]",F0*sin(t) - beta*log(Abs(v) + c0) - omega0**c1*x*exp(-Abs(x)),1,1,1,1,1,1,1,1,1
PO24,ground_truth,gt,1,1,1,1,1,,,,,4.97013801579e-13,4.62214571954e-13,6.42077814395e-12,0.00144821517618,0.000675385364324,0,1,1,1,1,1,0,1,1,datasets/llm-srbench/gt_expressions.csv,,1,ground_truth_recomputed,ground_truth_expression,c0;c1;F0;alpha;beta,"[3.0,1.0,0.7824146260932517,0.0834249779987997,0.9954170056010564]",F0*sin(t) - alpha*v**c0 - beta*log(Abs(v) + c1),1,1,1,1,1,1,1,1,1
PO25,ground_truth,gt,1,1,1,1,1,,,,,4.64511398449e-13,5.59727198727e-13,2.60821122837e-12,0.000104300332231,0.000437271250968,1,1,1,1,1,1,1,1,1,datasets/llm-srbench/gt_expressions.csv,,1,ground_truth_recomputed,ground_truth_expression,F0;beta,"[0.9384305391707438,0.8669741422589274]",F0*sin(t) - beta*sin(v),1,1,1,1,1,1,1,1,1
PO26,ground_truth,gt,1,1,1,1,1,,,,,1.60709221085e-13,1.53259526642e-13,1.05188858212e-12,0.000135558785997,0.000246881805081,1,1,1,1,1,1,1,1,1,datasets/llm-srbench/gt_expressions.csv,,1,ground_truth_recomputed,ground_truth_expression,c0;c1;c2;c3;F0;beta;omega0,"[1.0,2.0,2.0,3.0,0.3403254430071393,0.4130282737714945,1.565731951451177]",F0*sin(t) - beta*log(Abs(v) + c0) - c1*beta*v - omega0**c2*x**c3,1,1,1,1,1,1,1,1,1
PO27,ground_truth,gt,1,1,1,1,1,,,,,5.45368779488e-13,6.08039737656e-13,3.35495992065e-12,7.17888194581e-05,0.00441612931005,1,1,1,0,1,1,0,1,1,datasets/llm-srbench/gt_expressions.csv,,1,ground_truth_recomputed,ground_truth_expression,c0;c1;F0;alpha;beta,"[3.0,2.0,0.6686321676691496,0.05859857128040968,0.3583343100484061]",F0*sin(t) - alpha*v**c0 - c1*beta*v - beta*exp(-Abs(v))*v,1,1,1,1,1,1,1,1,1
PO28,ground_truth,gt,1,1,1,1,1,,,,,3.79174803263e-12,3.4617398316e-12,0.863301945638,5.67105831716,2.69580047795,0,0,0,0,0,0,0,0,0,datasets/llm-srbench/gt_expressions.csv,,1,ground_truth_recomputed,ground_truth_expression,c0;c1;c2;c3;c4;c5;c6;beta;gamma;omega0,"[2.0,2.0,0.333333333333333,1.0,2.0,3.0,2.0,0.9498732714115871,0.01919740388450461,1.854209780003124]",-c0*beta*v - omega0**c1*(gamma*Abs(v)**c2 + c3)*x - omega0**c4*x**c5 - omega0**c6*x,0,0,0,0,0,0,0,0,0
PO29,ground_truth,gt,1,1,1,1,1,,,,,2.78186902896e-15,1.74356968823e-15,2.57293672979e-15,2.18681351537e-05,1.00693842006e-05,1,1,1,1,1,1,1,1,1,datasets/llm-srbench/gt_expressions.csv,,1,ground_truth_recomputed,ground_truth_expression,c0;c1;c2;c3;c4;c5;gamma;mu;omega0,"[1.0,2.0,2.0,1.0,2.0,3.0,0.03069591680539248,0.431673711555058,1.213104698180878]",-mu*(c0 - x**c1)*v - omega0**c2*(gamma*t + c3)*x - omega0**c4*x**c5,1,1,1,1,1,1,1,1,1
PO30,ground_truth,gt,1,1,1,1,1,,,,,5.22010630194e-15,4.19563810099e-15,3.1488613614e-13,4.80713770111e-06,2.08986934709e-07,1,1,1,1,1,1,1,1,1,datasets/llm-srbench/gt_expressions.csv,,1,ground_truth_recomputed,ground_truth_expression,c0;c1;c2;alpha;beta;omega0,"[3.0,2.0,3.0,0.08836781010727017,0.195933725131011,1.999413729448207]",-alpha*v**c0 - beta*sin(x)*v - beta*sin(v) - omega0**c1*x**c2,1,1,1,1,1,1,1,1,1
PO31,ground_truth,gt,1,1,1,1,1,,,,,2.26838418534e-15,2.0676705631e-15,2.19118516042e-15,1.10137682274e-07,1.27844714034e-07,1,1,1,1,1,1,1,1,1,datasets/llm-srbench/gt_expressions.csv,,1,ground_truth_recomputed,ground_truth_expression,c0;c1;c2;c3;c4;gamma;omega0,"[2.0,0.333333333333333,1.0,2.0,3.0,0.04381050325379264,1.296869274592671]",-omega0**c0*(gamma*Abs(v)**c1 + c2)*x - omega0**c3*x**c4,1,1,1,1,1,1,1,1,1
PO32,ground_truth,gt,1,1,1,1,1,,,,,8.49403527978e-14,7.48390131041e-14,2.31270588335e-13,0.000273730289352,0.000271834063989,1,1,1,1,1,1,1,1,1,datasets/llm-srbench/gt_expressions.csv,,1,ground_truth_recomputed,ground_truth_expression,c0;c1;c2;F0;alpha;beta;omega0,"[3.0,2.0,3.0,0.5691107304684702,0.0907042821530562,0.5944728425752962,1.71549090626657]",F0*sin(t) - alpha*v**c0 - beta*exp(-Abs(v))*v - omega0**c1*x**c2,1,1,1,1,1,1,1,1,1
PO33,ground_truth,gt,1,1,1,1,1,,,,,1.72196296765e-11,1.06301966469e-11,0.649981538935,3.78887106936,4.47366351471,0,0,0,0,0,0,0,0,0,datasets/llm-srbench/gt_expressions.csv,,1,ground_truth_recomputed,ground_truth_expression,c0;c1;c2;c3;c4;c5;beta;gamma;mu;omega0,"[2.0,1.0,2.0,2.0,1.0,2.0,0.936645287003658,0.05790341450563105,0.4599146803113011,1.58093205629668]",-c0*beta*v - mu*(c1 - v**c2)*v - omega0**c3*(gamma*t + c4)*x - omega0**c5*x,0,0,0,0,0,0,0,0,0
PO34,ground_truth,gt,1,1,1,1,1,,,,,5.96719276782e-12,6.48577782978e-12,3.23322021912,1.93996100383,1.46571563424,0,0,0,0,0,0,0,0,0,datasets/llm-srbench/gt_expressions.csv,,1,ground_truth_recomputed,ground_truth_expression,c0;c1;c2;c3;c4;c5;beta;gamma;mu;omega0,"[2.0,1.0,2.0,2.0,0.333333333333333,1.0,0.5186850474806676,0.01541280496925629,0.7210044219880585,1.562296820160469]",-c0*beta*v - mu*(c1 - v**c2)*v - omega0**c3*(gamma*Abs(v)**c4 + c5)*x,0,0,0,0,0,0,0,0,0
PO35,ground_truth,gt,1,1,1,1,1,,,,,7.63972233489e-15,5.77114029752e-15,5.84150012544e-12,0.00102112084543,0.000926479757768,0,1,1,1,1,1,0,1,1,datasets/llm-srbench/gt_expressions.csv,,1,ground_truth_recomputed,ground_truth_expression,c0;c1;c2;F0;beta;gamma;omega0,"[2.0,0.333333333333333,1.0,0.1002992557169277,0.8884946707238708,0.03499775368939601,-1.85144862429909]",F0*sin(t) - beta*sin(v) - omega0**c0*(gamma*Abs(v)**c1 + c2)*x,1,1,1,1,1,1,1,1,1
PO36,ground_truth,gt,1,1,1,1,1,,,,,2.9144020017e-13,2.65764217981e-13,9.07972467717e-13,7.92143847643e-05,0.00118403730778,1,1,1,0,1,1,0,1,1,datasets/llm-srbench/gt_expressions.csv,,1,ground_truth_recomputed,ground_truth_expression,F0;beta,"[0.1560626202210679,0.3729476173623085]",F0*sin(t) - beta*exp(-Abs(x))*v,1,1,1,1,1,1,1,1,1
PO37,ground_truth,gt,1,1,1,1,1,,,,,1.8842455403e-12,2.04452271874e-12,3.31700518834e-11,0.000592033785115,0.00534306592715,1,1,1,0,1,1,0,1,1,datasets/llm-srbench/gt_expressions.csv,,1,ground_truth_recomputed,ground_truth_expression,c0;c1;c2;c3;F0;alpha;beta;gamma;omega0,"[3.0,2.0,2.0,1.0,0.7193212362517987,0.08567815672529973,0.959801241364929,0.08082130062694862,-1.315406900242655]",F0*sin(t) - alpha*v**c0 - c1*beta*v - omega0**c2*(gamma*t + c3)*x,1,1,1,1,1,1,1,1,1
PO38,ground_truth,gt,1,1,1,1,1,,,,,1.00319599706e-15,8.98204087552e-16,1.17278275304e-15,1.86536280236e-06,3.78220565621e-06,1,1,1,1,1,1,1,1,1,datasets/llm-srbench/gt_expressions.csv,,1,ground_truth_recomputed,ground_truth_expression,c0;c1;c2;beta;mu;omega0,"[1.0,2.0,2.0,0.1430477510349591,0.1948307678639364,1.746207256808585]",-beta*sin(v) - mu*(c0 - x**c1)*v - omega0**c2*x*exp(-Abs(x)),1,1,1,1,1,1,1,1,1
PO39,ground_truth,gt,1,1,1,1,1,,,,,3.10549922127e-13,3.33924579504e-13,1.19443038349e-12,0.000212104034767,0.000448020505302,1,1,1,1,1,1,1,1,1,datasets/llm-srbench/gt_expressions.csv,,1,ground_truth_recomputed,ground_truth_expression,c0;c1;c2;F0;alpha;beta;mu,"[3.0,1.0,2.0,0.3852302349001335,0.0589613102064644,0.1114436972345056,0.3325884183657382]",F0*sin(t) - alpha*v**c0 - beta*exp(-Abs(x))*v - mu*(c1 - v**c2)*v,1,1,1,1,1,1,1,1,1
PO40,ground_truth,gt,1,1,1,1,1,,,,,3.21352954101e-15,2.90858457394e-15,4.98918107503e-15,3.75432249778e-06,1.12419325943e-05,1,1,1,1,1,1,1,1,1,datasets/llm-srbench/gt_expressions.csv,,1,ground_truth_recomputed,ground_truth_expression,c0;c1;c2;c3;c4;c5;c6;F0;beta;gamma;omega0,"[0.333333333333333,2.0,0.333333333333333,1.0,2.0,3.0,2.0,0.5232871599691358,0.7105409442381965,0.07806383446302512,-1.8419703661954]",F0*sin(t) - beta*Abs(v)**c0 - omega0**c1*(gamma*Abs(v)**c2 + c3)*x - omega0**c4*x**c5 - omega0**c6*x,1,1,1,1,1,1,1,1,1
PO41,ground_truth,gt,1,1,1,1,1,,,,,1.55586805267e-14,1.12878102016e-15,6.7932370803e-07,4.57455454616e-06,0.0179552254164,1,1,1,0,0,1,0,0,1,datasets/llm-srbench/gt_expressions.csv,,1,ground_truth_recomputed,ground_truth_expression,c0;c1;c2;mu;omega0,"[1.0,2.0,2.0,0.4931656314999767,-1.080601512597346]",-mu*(c0 - x**c1)*v - omega0**c2*x*exp(-Abs(x)),1,1,1,1,1,1,1,1,1
PO42,ground_truth,gt,1,1,1,1,1,,,,,1.31467881389e-12,1.54656957388e-12,1.10043821325e-11,0.000250370923587,0.00481999757768,1,1,1,0,1,1,0,1,1,datasets/llm-srbench/gt_expressions.csv,,1,ground_truth_recomputed,ground_truth_expression,c0;c1;F0;alpha;beta,"[3.0,2.0,0.3836705625661562,0.03131322308393725,0.6577294484504562]",F0*sin(t) - alpha*v**c0 - beta*sin(x)*v - c1*beta*v,1,1,1,1,1,1,1,1,1
PO43,ground_truth,gt,1,1,1,1,1,,,,,3.09041797317e-13,3.82260734871e-13,8.07600433574e-12,0.000658053700888,0.00161615924755,1,1,1,0,1,1,0,1,1,datasets/llm-srbench/gt_expressions.csv,,1,ground_truth_recomputed,ground_truth_expression,c0;c1;c2;c3;F0;beta;mu;omega0,"[2.0,1.0,2.0,2.0,0.2647138982104698,0.3778288376352618,0.7480073028086417,-1.967356155377775]",F0*sin(t) - beta*sin(x)*v - c0*beta*v - mu*(c1 - x**c2)*v - omega0**c3*x*exp(-Abs(x)),1,1,1,1,1,1,1,1,1
PO_all,ground_truth,gt,44/44,44/44,44/44,44/44,44/44,0/44,0/44,0/44,0/44,9.98147637389e-14,1.14049269873e-13,2.32692594453e-12,0.000108658341894,0.000442645878135,33/44,36/44,37/44,28/44,35/44,36/44,25/44,35/44,36/44,,,,aggregate row; no single NMSE,combined aggregate row,,[],,39/44,39/44,39/44,36/44,37/44,37/44,36/44,37/44,37/44
Total_all,ground_truth,gt,129/129,129/129,129/129,129/129,129/129,0/129,0/129,0/129,0/129,5.20395783596e-14,4.98009397639e-14,7.38952059753e-12,6.70461830402e-05,3.18827479774e-05,92/129,102/129,120/129,93/129,108/129,120/129,83/129,100/129,119/129,,,,aggregate row; no single NMSE,combined aggregate row,,[],,122/129,122/129,122/129,117/129,120/129,121/129,117/129,120/129,120/129
